Добавлено лицо: Misha
Кодировка:
[-0.021657994017004967, 0.12159008532762527, 0.071957066655159, -0.06785684823989868, -0.030842825770378113, 0.01384682022035122, 0.044360704720020294, -0.0937924012541771, 0.24055469036102295, -0.048707880079746246, 0.19580446183681488, 0.06057824194431305, -0.17375130951404572, -0.1259070634841919, -0.0034563951194286346, 0.08550713211297989, -0.12576837837696075, -0.16722683608531952, -0.1148371547460556, -0.0644880160689354, -0.05881860852241516, -0.012712899595499039, 0.0384005531668663, 0.038390886038541794, -0.10743863135576248, -0.28353890776634216, -0.020325500518083572, -0.15859884023666382, 0.09356167912483215, -0.10114972293376923, -0.04316210746765137, 0.010349774733185768, -0.18591345846652985, -0.110990509390831, -0.03692740947008133, 0.029532240703701973, -0.03588985651731491, -0.10992217063903809, 0.20475542545318604, 0.027943294495344162, -0.10871850699186325, 0.0714539960026741, -0.010524721816182137, 0.25625136494636536, 0.1915450543165207, -0.03923425078392029, 0.07347726076841354, -0.11950818449258804, 0.1698562502861023, -0.27515965700149536, 0.10528954863548279, 0.12491945922374725, 0.11447638273239136, 0.05378338694572449, 0.11737218499183655, -0.14479634165763855, 0.012818925082683563, 0.12409021705389023, -0.2300233244895935, 0.15203069150447845, 0.028074290603399277, 0.0396706759929657, -0.049212463200092316, -0.056819818913936615, 0.17195312678813934, 0.14863330125808716, -0.040632978081703186, -0.143513023853302, 0.16317202150821686, -0.11364658921957016, -0.061856865882873535, 0.0424262136220932, -0.09035800397396088, -0.1463221162557602, -0.2081223577260971, 0.10049460828304291, 0.3766528069972992, 0.21024377644062042, -0.1778993457555771, 0.047471582889556885, -0.21559132635593414, -0.041562244296073914, -0.0013092245208099484, -0.0377848818898201, -0.0930471271276474, -0.06522966176271439, -0.08512215316295624, 0.008396219462156296, 0.19025729596614838, 0.03383048623800278, -0.041108980774879456, 0.19371849298477173, -0.0002366732805967331, -0.042511582374572754, -0.010510681197047234, -0.009090559557080269, -0.1461453139781952, 0.08435430377721786, -0.1421087086200714, -0.07204287499189377, 0.07432550191879272, -0.09649883955717087, 0.05154329910874367, 0.0934261679649353, -0.2712935507297516, 0.13017025589942932, -0.0019115966279059649, -0.03447060286998749, 0.10150834918022156, 0.04244363680481911, -0.0864732638001442, -0.01070889737457037, 0.18059396743774414, -0.2500975728034973, 0.2788146734237671, 0.1522059142589569, 0.08337266743183136, 0.12374444305896759, 0.058794595301151276, 0.05303144454956055, 0.030625926330685616, -0.016099173575639725, -0.09883350878953934, -0.07210501283407211, 0.02506401017308235, 0.008173360489308834, 0.027494873851537704, 0.09753811359405518]
Всего лиц в базе: 1
--------------------------------------------------------------------------------
Добавлено лицо: Misha
Кодировка:
[-0.08496307581663132, 0.11466728150844574, 0.0685146152973175, -0.049479831010103226, -0.0838092640042305, 0.0030741605442017317, -0.03292626887559891, -0.05963386595249176, 0.0928591787815094, -0.054433926939964294, 0.22440500557422638, -0.04442661255598068, -0.2821517288684845, -0.04435218498110771, 0.08136508613824844, 0.07394661009311676, -0.06314146518707275, -0.08769246190786362, -0.0927409678697586, -0.13189642131328583, 0.03748442605137825, -0.00873694010078907, -0.006972803268581629, 0.05291984602808952, -0.17265641689300537, -0.3436732590198517, -0.08933456987142563, -0.056823015213012695, 0.05962452292442322, -0.054162345826625824, 0.00837522279471159, 0.0013207774609327316, -0.1394299566745758, -0.03605109080672264, 0.004121050238609314, 0.09364937245845795, -0.06559032946825027, -0.13595668971538544, 0.1558736115694046, -0.08559054881334305, -0.04852453991770744, 0.010203156620264053, 0.06310363858938217, 0.25138595700263977, 0.1397550404071808, 0.015504542738199234, 0.13508546352386475, -0.009752540849149227, 0.11939594149589539, -0.24368296563625336, 0.05100954696536064, 0.1266053467988968, 0.06378305703401566, 0.10963761806488037, 0.11899168789386749, -0.11883743852376938, 0.03204036131501198, 0.21000038087368011, -0.16252806782722473, 0.14466306567192078, 0.03872133046388626, -0.00045371055603027344, -0.04657948762178421, -0.12303341180086136, 0.2301057130098343, 0.0864541083574295, -0.13889461755752563, -0.11497529596090317, 0.0975489690899849, -0.16925735771656036, -0.05452543869614601, 0.06626278907060623, -0.15800166130065918, -0.1858976185321808, -0.2462252378463745, 0.11366061866283417, 0.36889344453811646, 0.22787806391716003, -0.1925330013036728, -0.004392373375594616, -0.03549003228545189, 0.011912897229194641, 0.10503039509057999, 0.0003013019450008869, -0.0339372344315052, -0.08653851598501205, -0.1250194013118744, 0.05259206146001816, 0.28047820925712585, 0.008778481744229794, -0.03182515501976013, 0.24385182559490204, 0.06496402621269226, 0.026990193873643875, -0.01571996882557869, 0.03024739772081375, -0.10662359744310379, -0.04518391937017441, -0.0788724273443222, 0.03532496094703674, 0.048650119453668594, -0.11179734766483307, -0.01350687351077795, 0.07858946174383163, -0.1690409630537033, 0.193475604057312, -0.0069122156128287315, 0.05033713951706886, 0.001299968920648098, 0.05585399642586708, -0.14817768335342407, -0.014269985258579254, 0.17423482239246368, -0.27244576811790466, 0.1436266303062439, 0.20957550406455994, 0.06668511033058167, 0.10908523947000504, 0.037297192960977554, 0.06424985826015472, 0.0311724953353405, -0.002361048012971878, -0.1292114406824112, -0.10285298526287079, 0.008121565915644169, -0.04216376319527626, 0.006406978704035282, 0.044390421360731125]
Всего лиц в базе: 1
--------------------------------------------------------------------------------
Добавлено лицо: Misha
Кодировка:
[-0.1093243658542633, 0.07934464514255524, 0.09441214054822922, -0.039553407579660416, -0.07240726053714752, 0.026777002960443497, 0.0028878729790449142, -0.02563606947660446, 0.26502302289009094, -0.03889970853924751, 0.22766192257404327, 0.07338055968284607, -0.1879758983850479, -0.10124795138835907, -0.07411223649978638, 0.1623724102973938, -0.10604391992092133, -0.08566894382238388, -0.06479555368423462, -0.12590935826301575, 0.07243534177541733, 0.07100899517536163, 0.008604753762483597, 0.03022407740354538, -0.12142680585384369, -0.3454969823360443, -0.028203025460243225, -0.0998770147562027, 0.04981067031621933, -0.130728617310524, -0.05476091802120209, 0.06582865118980408, -0.13090640306472778, -0.06465055793523788, -0.0002098632976412773, 0.01940356194972992, 0.04163265973329544, -0.02369527705013752, 0.17485830187797546, 0.04677233844995499, -0.14038588106632233, 0.04799463972449303, 0.08619024604558945, 0.2855386734008789, 0.1887430101633072, 0.030667131766676903, 0.0460149347782135, -0.0550776943564415, 0.16567488014698029, -0.22116418182849884, 0.11496290564537048, 0.10139628499746323, 0.06362559646368027, 0.03760053217411041, 0.1300874948501587, -0.1689547598361969, -0.08045358210802078, 0.1625676155090332, -0.19631919264793396, 0.15977910161018372, 0.058332569897174835, -0.07196417450904846, -0.09313228726387024, -0.1011616513133049, 0.12705330550670624, 0.0950244590640068, -0.13997739553451538, -0.1375410258769989, 0.08267258107662201, -0.15051358938217163, -0.023377565667033195, 0.006724921986460686, -0.1198020800948143, -0.13479211926460266, -0.32625243067741394, 0.1228160709142685, 0.38227009773254395, 0.15099304914474487, -0.17766453325748444, 0.015204356051981449, -0.03363209217786789, -0.021456778049468994, 0.04895087704062462, 0.07792865484952927, -0.06266678124666214, -0.04003150388598442, -0.061856869608163834, -0.026095395907759666, 0.11944392323493958, 0.10856204479932785, -0.0049721114337444305, 0.2463906854391098, -0.02743344195187092, -0.008301185443997383, -0.05230915918946266, 0.11105366051197052, -0.1799321472644806, -0.006581888999789953, -0.08550690114498138, -0.010858911089599133, -0.037647802382707596, -0.12069667875766754, 0.030193842947483063, 0.06652545928955078, -0.23240213096141815, 0.13270460069179535, -0.05004706606268883, 0.032257165759801865, -0.002805158495903015, 0.04463597387075424, -0.08259543031454086, -0.003582550445571542, 0.12141203135251999, -0.2220565378665924, 0.1777912676334381, 0.17373105883598328, 0.09043455868959427, 0.17956331372261047, 0.05935699865221977, 0.0775047019124031, 0.012308354489505291, 0.016979726031422615, -0.09228050708770752, -0.058993931859731674, -0.008509684354066849, -0.09440945833921432, 0.04248607158660889, 0.07515007257461548]
Всего лиц в базе: 1
--------------------------------------------------------------------------------
Добавлено лицо: Misha (ID: U0001)
Кодировка:
[-0.06428185850381851, 0.1279289424419403, 0.1095990538597107, -0.02641987055540085, -0.05350538343191147, -0.02078201062977314, -0.03069550357758999, -0.041524626314640045, 0.21034881472587585, -0.05719393864274025, 0.22435392439365387, 0.07544057816267014, -0.18917249143123627, -0.11201856285333633, -0.06989569962024689, 0.10645020008087158, -0.11526169627904892, -0.11092959344387054, -0.10521663725376129, -0.07694847136735916, 0.021017462015151978, 0.038193900138139725, 0.026759527623653412, -0.01700005680322647, -0.10235876590013504, -0.3906432092189789, -0.024093443527817726, -0.10111336410045624, 0.10309816151857376, -0.06810852885246277, -0.06340263038873672, 0.03943529725074768, -0.14581012725830078, -0.09187643975019455, -0.0022085048258304596, 0.031529348343610764, 0.03830781206488609, -0.015286073088645935, 0.17112772166728973, -0.007061140611767769, -0.13283199071884155, 0.0887269675731659, 0.052474863827228546, 0.24986925721168518, 0.18937155604362488, 0.06411178410053253, 0.0852280780673027, -0.13618594408035278, 0.17630024254322052, -0.2685350179672241, 0.1272231936454773, 0.12566491961479187, 0.11664494127035141, 0.055414825677871704, 0.13509367406368256, -0.16683924198150635, -0.038175925612449646, 0.16596704721450806, -0.20570945739746094, 0.17214277386665344, 0.048069655895233154, 0.014890308491885662, -0.0972057431936264, -0.1009533703327179, 0.14081725478172302, 0.11028385162353516, -0.11684613674879074, -0.13959065079689026, 0.16386134922504425, -0.1570693999528885, -0.02905283309519291, 0.03804206848144531, -0.05577242001891136, -0.15048477053642273, -0.24900655448436737, 0.09831751883029938, 0.37776878476142883, 0.23873735964298248, -0.2225908786058426, -0.003937817178666592, -0.1484457403421402, -0.022435534745454788, 0.040472611784935, -0.025715719908475876, -0.08939991891384125, -0.10219145566225052, -0.11465232074260712, -0.042861223220825195, 0.17937414348125458, 0.08215249329805374, 0.0006773867644369602, 0.2318543940782547, 0.03261133283376694, 0.04471215233206749, -0.06034282594919205, 0.08304324001073837, -0.22013112902641296, 0.036412306129932404, -0.14498917758464813, -0.047980934381484985, 0.035939306020736694, -0.08363684266805649, 0.011861126869916916, 0.09118223190307617, -0.22194500267505646, 0.18650954961776733, -0.04682289436459541, 0.0330803245306015, 0.09870258718729019, 0.06536086648702621, -0.04064139723777771, -0.023493047803640366, 0.14874380826950073, -0.20593468844890594, 0.2383730113506317, 0.17539964616298676, 0.09638720005750656, 0.17242464423179626, 0.09080415964126587, 0.06894869357347488, 0.027020737528800964, -0.05138711258769035, -0.1612771600484848, -0.11661941558122635, -0.015774928033351898, -0.1025976836681366, 0.001377747394144535, 0.08300422877073288]
Всего ID в базе: 1
--------------------------------------------------------------------------------
Добавлено лицо: Mira (ID: U0002)
Кодировка:
[-0.140744149684906, 0.10193236172199249, 0.1061776727437973, -0.06528031080961227, -0.16767700016498566, -0.01030377671122551, -0.0634734183549881, -0.08519022911787033, 0.17232881486415863, -0.16220809519290924, 0.13768289983272552, -0.07156096398830414, -0.18147999048233032, 0.07043258100748062, -0.07649388164281845, 0.21888937056064606, -0.1690215915441513, -0.1994124799966812, -0.006850439123809338, -0.04155673086643219, 0.022677913308143616, 0.08642350882291794, -0.045640554279088974, 0.08038187026977539, -0.14399735629558563, -0.3783603012561798, -0.08959173411130905, -0.034961625933647156, 0.016668077558279037, -0.05942700058221817, -0.0026861075311899185, 0.059700507670640945, -0.1775968074798584, 0.02409379556775093, 0.03887411952018738, 0.1451432704925537, -0.03838517889380455, -0.11729712039232254, 0.19672474265098572, 0.06037382036447525, -0.2774757146835327, -0.04830751568078995, 0.11350695043802261, 0.284945011138916, 0.15596595406532288, -0.014013510197401047, 0.021045362576842308, -0.07426788657903671, 0.13442017138004303, -0.29563960433006287, -0.022746115922927856, 0.19291484355926514, -0.03425224870443344, 0.11866886913776398, 0.037339139729738235, -0.10172832012176514, 0.04624965414404869, 0.09621309489011765, -0.13479012250900269, 0.015140443108975887, 0.06613645702600479, -0.06997222453355789, 0.0022577866911888123, -0.0863809883594513, 0.23448817431926727, 0.07706720381975174, -0.10390923917293549, -0.09385433793067932, 0.17833195626735687, -0.20195446908473969, -0.08362860977649689, 0.04064757376909256, -0.11435020714998245, -0.16337451338768005, -0.28549280762672424, 0.0027027688920497894, 0.4904399514198303, 0.14660724997520447, -0.10316368192434311, 0.09124477952718735, 0.002816026099026203, -0.029548821970820427, 0.07894699275493622, 0.20897680521011353, -0.00900503620505333, 0.04431726783514023, -0.027671117335557938, 0.06115308776497841, 0.2737239897251129, -0.012764492072165012, 0.03767932206392288, 0.20437896251678467, 0.03200588375329971, 0.0547691248357296, 0.05852416902780533, 0.10394272953271866, -0.07789929956197739, -0.06513587385416031, -0.11651909351348877, -0.0007128603756427765, -0.00881753396242857, -0.04111989215016365, -0.011500287801027298, 0.15095525979995728, -0.19917136430740356, 0.19042609632015228, 0.00932670384645462, -0.048678942024707794, 0.002606040798127651, 0.09685461223125458, -0.025149080902338028, -0.08762931078672409, 0.1323632150888443, -0.18628381192684174, 0.12549279630184174, 0.19118785858154297, -0.06250155717134476, 0.1621798872947693, 0.04064638540148735, 0.13530407845973969, -0.04032653942704201, -0.02081763744354248, -0.10697264224290848, -0.10516319423913956, 0.005055628716945648, -0.03615635260939598, -0.004004405811429024, 0.011359968222677708]
Всего ID в базе: 2
--------------------------------------------------------------------------------
Добавлено лицо: Misha (ID: U0003)
Кодировка:
[-0.06322597712278366, 0.038525041192770004, 0.109151192009449, 0.0026787947863340378, -0.0822892040014267, -0.05676526948809624, 0.022515919059515, -0.05927985906600952, 0.1008937731385231, -0.0008934242650866508, 0.1235455870628357, -0.09032700210809708, -0.2585098445415497, -0.01863807439804077, -0.021665390580892563, 0.10004806518554688, -0.09321471303701401, -0.04094695299863815, -0.09210504591464996, -0.04935790225863457, 0.05195944756269455, 0.0500754676759243, 0.03155239298939705, 0.016300635412335396, -0.0498037189245224, -0.3604472875595093, -0.014813707210123539, -0.06493911147117615, -0.007286697626113892, -0.09494722634553909, -0.06218893080949783, 0.07689786702394485, -0.20360736548900604, -0.09390188008546829, -0.03888801112771034, 0.03791136294603348, -0.11632853746414185, -0.056107740849256516, 0.1985519677400589, 0.05423771217465401, -0.1751798391342163, 0.03923375532031059, 0.03698818385601044, 0.20652011036872864, 0.21140339970588684, -0.013312339782714844, 0.03595046326518059, -0.047737911343574524, 0.12079267203807831, -0.327422171831131, 0.036142103374004364, 0.15352056920528412, 0.07059678435325623, 0.10292615741491318, 0.14380955696105957, -0.12794314324855804, -0.017566418275237083, 0.10836607217788696, -0.13351014256477356, 0.12892745435237885, 0.038750216364860535, -0.06873233616352081, 0.059443399310112, -0.06708875298500061, 0.1133384108543396, 0.06598929315805435, -0.01041211187839508, -0.10479025542736053, 0.07464990764856339, -0.15548549592494965, -0.09948797523975372, 0.05616474151611328, -0.05626988410949707, -0.15490156412124634, -0.3531717360019684, 0.041420161724090576, 0.2857334017753601, 0.160775288939476, -0.15285983681678772, 0.0148143470287323, -0.1246267631649971, -0.03981577232480049, 0.07706441730260849, -0.0218808576464653, -0.04665625840425491, 0.01619120128452778, -0.09795568138360977, 0.005846606567502022, 0.18288172781467438, -0.010578578338027, -0.05067349225282669, 0.22149761021137238, -0.007574114948511124, 0.038720838725566864, 0.0262141190469265, 0.03725805878639221, -0.12505577504634857, -0.020439758896827698, -0.14742393791675568, -0.04240799695253372, 0.04959899187088013, -0.1533409208059311, 0.04200064018368721, 0.1083429679274559, -0.2608644366264343, 0.13284943997859955, -0.059623997658491135, -0.011828006245195866, -0.01965344324707985, -0.0039900001138448715, -0.10604768246412277, 0.09464185684919357, 0.12927468121051788, -0.23733839392662048, 0.24088110029697418, 0.17721733450889587, -0.0034901583567261696, 0.0981767475605011, 0.03690805286169052, -0.021140992641448975, -0.0619208887219429, -0.020752616226673126, -0.08666940778493881, -0.08774323016405106, 0.04160374775528908, 0.09663265198469162, 0.007406497374176979, 0.09278115630149841]
Всего ID в базе: 3
--------------------------------------------------------------------------------
Добавлено лицо: Lol (ID: U0004)
Кодировка:
[-0.057371921837329865, 0.09613217413425446, 0.023318398743867874, -0.02150486409664154, -0.0955582708120346, -0.04212183505296707, -0.05351690575480461, -0.029216844588518143, 0.1393592208623886, 0.005634830333292484, 0.28735148906707764, 0.01741466298699379, -0.2341487556695938, -0.09106265008449554, 0.02911197394132614, 0.08920584619045258, -0.12810318171977997, -0.03665418177843094, -0.11951857805252075, -0.12382632493972778, 0.02835136093199253, 0.004287044517695904, 0.01960550621151924, -0.027602635324001312, -0.1446743607521057, -0.2569222152233124, -0.10791546106338501, -0.1378525048494339, 0.1120566874742508, -0.15211087465286255, 0.01988285407423973, 0.0290242787450552, -0.1423298716545105, -0.07392095029354095, -0.00524087343364954, -0.002512279897928238, -0.05124490708112717, -0.09426584094762802, 0.16011425852775574, -0.04014527052640915, -0.1435963362455368, -0.018853459507226944, 0.0047987475991249084, 0.2515449523925781, 0.17367023229599, 0.02696382813155651, 0.038328222930431366, -0.04861532524228096, 0.06255526095628738, -0.25462374091148376, 0.04657089337706566, 0.17957453429698944, 0.01470298133790493, 0.13305066525936127, 0.08425222337245941, -0.16784921288490295, 0.045989710837602615, 0.13312378525733948, -0.1524384468793869, 0.012464313767850399, 0.03149465471506119, -0.03810214623808861, -0.05136110261082649, -0.12198282778263092, 0.20234255492687225, 0.09468774497509003, -0.07609584927558899, -0.14906702935695648, 0.1270076483488083, -0.13145694136619568, -0.051312174648046494, 0.1032179445028305, -0.1514565348625183, -0.201105535030365, -0.2566584348678589, 0.12299463152885437, 0.34446826577186584, 0.19997458159923553, -0.16229115426540375, 0.049628712236881256, -0.10615868121385574, -0.03220430761575699, 0.02271660603582859, -0.011067669838666916, -0.04614531993865967, -0.01488196849822998, -0.09079591929912567, 0.013336589559912682, 0.1823710948228836, -0.11157121509313583, 0.046805284917354584, 0.21026693284511566, -0.003126358613371849, -0.005030155181884766, 0.00753158750012517, 0.02053753472864628, -0.0922737717628479, 0.013467583805322647, -0.05714348703622818, -0.004597647115588188, 0.1424923837184906, -0.16254565119743347, 0.01749740168452263, 0.09349235892295837, -0.19209939241409302, 0.16861459612846375, 0.0261637344956398, -0.019434746354818344, 0.01087275892496109, -0.007497204467654228, -0.02475806511938572, -0.029814016073942184, 0.21514944732189178, -0.24906025826931, 0.29405567049980164, 0.22632326185703278, 0.05436958000063896, 0.15181200206279755, 0.04152124375104904, 0.13727986812591553, -0.08034081757068634, -0.02184467762708664, -0.11989616602659225, -0.06860607117414474, -0.005512061528861523, -0.014814645983278751, -0.07255063205957413, 0.02587440237402916]
Всего ID в базе: 4
--------------------------------------------------------------------------------
Добавлено лицо: iji (ID: U0005)
Кодировка:
[-0.13595139980316162, 0.000798041932284832, 0.05651111155748367, -0.039641372859478, -0.07574666291475296, -0.028934579342603683, 0.044828951358795166, -0.08429938554763794, 0.12226035445928574, -0.0487995520234108, 0.14884644746780396, -0.04246232658624649, -0.2103213667869568, -0.03795423358678818, -0.12318319082260132, 0.11612273752689362, -0.07720302045345306, -0.1320379078388214, -0.051408059895038605, -0.12035460025072098, 0.05774318054318428, 0.0574973039329052, 0.0021938206627964973, 0.04640142247080803, -0.1270303726196289, -0.23231402039527893, -0.06846074759960175, -0.09159915149211884, 0.02942226268351078, -0.06139180809259415, 0.046716269105672836, 0.09003768116235733, -0.28169557452201843, -0.03593763709068298, -0.039824098348617554, 0.058624111115932465, -0.03392454609274864, -0.06889094412326813, 0.1927061676979065, 0.06075931712985039, -0.1349874585866928, 0.03376533091068268, 0.040995895862579346, 0.3069306015968323, 0.11424481868743896, 0.015329450368881226, 0.008703149855136871, -0.041175100952386856, 0.04562879726290703, -0.24004913866519928, 0.013660557568073273, 0.1762855350971222, 0.0719631165266037, 0.06594328582286835, -0.004182812757790089, -0.1185581162571907, 0.06870494782924652, 0.09407664835453033, -0.2211201936006546, 0.05792289972305298, 0.03360089659690857, 0.007586237043142319, 0.022297965362668037, -0.03845428302884102, 0.20469026267528534, 0.07642685621976852, -0.06388009339570999, -0.08674886077642441, 0.1664920300245285, -0.1663176715373993, -0.008068123832345009, 0.07965122908353806, -0.09918749332427979, -0.17094513773918152, -0.2180798351764679, 0.09256783127784729, 0.38204148411750793, 0.17096246778964996, -0.09474831819534302, 0.08412762731313705, -0.16022717952728271, 0.005886496976017952, 0.06600610911846161, -0.02546846494078636, -0.07144497334957123, 0.03783301264047623, -0.07626807689666748, 0.04131381958723068, 0.20113185048103333, 0.00454673171043396, -0.04457799345254898, 0.21444033086299896, 0.05378810688853264, -0.10017611086368561, 0.0268697552382946, 0.015303297899663448, -0.07743072509765625, 0.015201861038804054, -0.09834809601306915, -0.014861182309687138, 0.004375645890831947, -0.09379209578037262, 0.05513238161802292, 0.09806990623474121, -0.21739324927330017, 0.1474778801202774, -0.006482434459030628, -0.07147879898548126, -0.05201978236436844, 0.03359565883874893, -0.11325232684612274, -0.003448269097134471, 0.10767209529876709, -0.25485050678253174, 0.21107210218906403, 0.14712411165237427, 0.0012974573764950037, 0.15197372436523438, 0.07212933897972107, 0.08335521817207336, -0.04551978409290314, -0.03261557221412659, -0.07554402202367783, -0.10793610662221909, 0.09064695984125137, 0.008161580190062523, 0.09586991369724274, 0.06523394584655762]
Всего ID в базе: 5
--------------------------------------------------------------------------------
Добавлено лицо: olo (ID: U0006)
Кодировка:
[-0.015164106152951717, -0.001358705572783947, 0.051789913326501846, -0.042928457260131836, -0.04154740273952484, -0.007666177116334438, -0.05802720785140991, -0.06144692748785019, 0.14469531178474426, -0.09454058855772018, 0.15792898833751678, 0.04902588948607445, -0.1979471892118454, -0.10471230000257492, 0.010481251403689384, 0.10050108283758163, -0.10982690006494522, -0.15647299587726593, -0.06221076101064682, -0.09102202206850052, 0.013074737042188644, 0.09078007936477661, -0.0074409800581634045, 0.007174057886004448, -0.10712362080812454, -0.2842789590358734, -0.043900951743125916, -0.15807121992111206, 0.10952478647232056, -0.055932026356458664, -0.005118969827890396, 0.013177880086004734, -0.12461881339550018, 0.008572742342948914, -0.0011300230398774147, 0.09232717752456665, -0.0012766583822667599, -0.11196744441986084, 0.15812422335147858, 0.006952973082661629, -0.15287716686725616, -0.08469115942716599, 0.018316518515348434, 0.23718930780887604, 0.1655793935060501, 0.014321778900921345, 0.06027824059128761, -0.010430230759084225, 0.15167661011219025, -0.2151343822479248, 0.1507529616355896, 0.05923815444111824, 0.1172981932759285, 0.09848223626613617, 0.08711452037096024, -0.2135220468044281, 0.06575796008110046, 0.1532401740550995, -0.20963290333747864, 0.11317948251962662, 0.0536956861615181, -0.023769106715917587, -0.040439583361148834, -0.0009911727393046021, 0.2284226417541504, 0.08714541792869568, -0.10379038751125336, -0.14951252937316895, 0.09747875481843948, -0.2178577333688736, -0.08417584002017975, 0.03590118885040283, -0.12530018389225006, -0.0849260538816452, -0.28543561697006226, 0.04276236891746521, 0.3379846513271332, 0.1488754004240036, -0.18166938424110413, 0.03178855776786804, 0.012670597061514854, 0.01808026432991028, 0.14847879111766815, 0.06344065070152283, -0.06327204406261444, -0.010350088588893414, -0.12740321457386017, -0.07088816910982132, 0.17785900831222534, 0.03132444992661476, -0.052867770195007324, 0.16959746181964874, -0.03553222492337227, -0.0005193855613470078, 0.03107437863945961, 0.030447708442807198, -0.07876969873905182, 0.02295733243227005, -0.026919890195131302, -0.019576922059059143, 0.07914664596319199, -0.08101879805326462, 0.006804162170737982, 0.09233345836400986, -0.14347738027572632, 0.17536695301532745, -0.029054885730147362, 0.07111706584692001, 0.08606790751218796, 0.021868521347641945, -0.11263174563646317, -0.07180744409561157, 0.1740499585866928, -0.1873323768377304, 0.17498598992824554, 0.13922150433063507, 0.07214018702507019, 0.15621653199195862, 0.05744915455579758, 0.12953655421733856, -0.034129075706005096, -0.0023998282849788666, -0.21170295774936676, -0.055351536720991135, 0.005919798277318478, -0.04047800973057747, 0.039619725197553635, 0.08272961527109146]
Всего ID в базе: 6
--------------------------------------------------------------------------------
Добавлено лицо: luda (ID: U0007)
Кодировка:
[-0.12862733006477356, 0.13597913086414337, 0.06388962268829346, -0.02053035795688629, -0.1381913423538208, -0.06047004088759422, 0.022590788081288338, -0.12482937425374985, 0.18003295361995697, -0.08070209622383118, 0.15347304940223694, -0.04088493436574936, -0.20900827646255493, 0.0690058022737503, -0.008320366963744164, 0.18539203703403473, -0.11061909794807434, -0.1558361053466797, -0.15902873873710632, -0.08218178153038025, -0.0727204829454422, 0.03619597852230072, -0.03804296627640724, 0.08833732455968857, -0.12636235356330872, -0.28644511103630066, -0.005312363617122173, -0.014715404249727726, 0.15123125910758972, -0.01186210848391056, -0.08830182254314423, 0.13888168334960938, -0.13455358147621155, -0.01936156488955021, 0.09716609865427017, 0.07723596692085266, -0.07269507646560669, -0.052925340831279755, 0.2856498956680298, 0.12044728547334671, -0.26279008388519287, 0.012432165443897247, 0.0687350183725357, 0.28465536236763, 0.24527698755264282, -0.003284766338765621, 0.09834828227758408, -0.1412813663482666, 0.15591607987880707, -0.25375038385391235, 0.04905518516898155, 0.20221105217933655, 0.04612194374203682, 0.09904491901397705, 0.04063206538558006, -0.2558448314666748, -0.0669134110212326, 0.1079997569322586, -0.22774524986743927, 0.09575412422418594, 0.14498521387577057, -0.08851970732212067, -0.09206794947385788, -0.10495300590991974, 0.15772701799869537, 0.1663043200969696, -0.12135247886180878, -0.18341118097305298, 0.2204136848449707, -0.21373023092746735, -0.019640441983938217, 0.08952148258686066, -0.06598223745822906, -0.1342773139476776, -0.2269832193851471, 0.013586006127297878, 0.3648500442504883, 0.15629485249519348, -0.10027027875185013, -0.012456072494387627, -0.07133651524782181, -0.08459130674600601, 0.041191425174474716, 0.08250090479850769, -0.08493377268314362, -0.09840206056833267, 0.0013975994661450386, -0.026836195960640907, 0.2440255731344223, 0.04823816567659378, 0.03377018868923187, 0.19028887152671814, 0.03725463151931763, -0.07663009315729141, -0.04095308855175972, 0.11647279560565948, -0.20591750741004944, -0.036459729075431824, -0.09896545112133026, -0.08254951983690262, -0.05389288812875748, -0.1280381679534912, 0.08367820084095001, 0.09907834231853485, -0.26102134585380554, 0.24068571627140045, -0.03045552782714367, 0.024128824472427368, -0.007461719214916229, 0.024179158732295036, -0.038666948676109314, 0.006120531354099512, 0.1539725810289383, -0.2042408138513565, 0.2325289100408554, 0.15319204330444336, 0.03185364231467247, 0.10573150217533112, 0.0710894837975502, 0.07622881233692169, 0.027070242911577225, 0.007088726852089167, -0.08249814063310623, -0.11444459110498428, -0.016399657353758812, -0.07014600932598114, 0.026740994304418564, 0.0654812902212143]
Всего ID в базе: 7
--------------------------------------------------------------------------------
Добавлено лицо: 1 (ID: U0008)
Кодировка:
[-0.03431587666273117, 0.030128587037324905, -0.024393772706389427, -0.0006186382379382849, -0.1297532320022583, -0.013987906277179718, 0.006212392821907997, -0.0812818631529808, 0.11825074255466461, -0.05553499981760979, 0.15501894056797028, -0.03287463262677193, -0.19818700850009918, -0.07104144990444183, -0.016939938068389893, 0.1347615122795105, -0.12519438564777374, -0.06021805480122566, -0.12615515291690826, -0.06326384842395782, 0.017616290599107742, 0.10499434918165207, 0.06498553603887558, 0.07520962506532669, -0.10062157362699509, -0.2157149463891983, -0.09832059592008591, -0.013577817939221859, 0.10855735093355179, -0.06468746811151505, -0.00781648512929678, 0.06804414838552475, -0.2322608232498169, -0.036934562027454376, 0.06769724935293198, 0.08296525478363037, -0.07476681470870972, -0.0930953249335289, 0.20899797976016998, 0.01989137753844261, -0.18381430208683014, 0.08601097762584686, 0.04936784878373146, 0.21970313787460327, 0.19488736987113953, -0.05947474017739296, -0.02630011737346649, -0.06843172013759613, 0.12706296145915985, -0.2141980528831482, 0.04259965941309929, 0.20339664816856384, 0.12723568081855774, 0.09515650570392609, -0.02463051676750183, -0.07152349501848221, -0.03390539437532425, 0.2307441085577011, -0.14563889801502228, 0.07144908607006073, 0.053690582513809204, -0.07805585116147995, -0.0014078682288527489, -0.09629569202661514, 0.10937720537185669, 0.09984113276004791, -0.1306566447019577, -0.22623297572135925, 0.12658852338790894, -0.19124838709831238, -0.07415502518415451, 0.12964075803756714, -0.11904853582382202, -0.13706131279468536, -0.29327696561813354, 0.046587083488702774, 0.38293665647506714, 0.1577761024236679, -0.14943498373031616, -0.01993108168244362, -0.12493791431188583, -0.009343832731246948, -0.05454300716519356, 0.07420613616704941, -0.04942250996828079, -0.054700881242752075, -0.08554501831531525, 0.05424342676997185, 0.21688877046108246, -0.035398758947849274, -0.057528018951416016, 0.2508436143398285, 0.05444765463471413, 0.03645993396639824, -0.02978207729756832, 0.03153815120458603, -0.0884588435292244, -0.07673132419586182, -0.08469130098819733, -0.04205802455544472, -0.014725083485245705, -0.11580825597047806, 0.05402718484401703, 0.1671573668718338, -0.13362383842468262, 0.250018835067749, -0.01108636986464262, 0.010204996913671494, 0.035855550318956375, 0.0767780989408493, -0.08019910752773285, 0.002182751428335905, 0.12892413139343262, -0.21443083882331848, 0.2646997272968292, 0.09999638795852661, 0.0646391361951828, 0.08438462764024734, 0.05723053961992264, 0.1568966507911682, -0.059931252151727676, -0.016416937112808228, -0.0816086083650589, -0.12189225107431412, 0.016290713101625443, -0.009552884846925735, 0.08924208581447601, 0.04063182696700096]
Всего ID в базе: 8
--------------------------------------------------------------------------------
Добавлено лицо: 2 (ID: U0009)
Кодировка:
[-0.10419850796461105, 0.06133786588907242, 0.08177954703569412, -0.07408436387777328, -0.014464110136032104, -0.016809865832328796, 0.07413103431463242, -0.030280420556664467, 0.1908900886774063, -0.05890018120408058, 0.19429586827754974, 0.038774389773607254, -0.20573486387729645, -0.11845745891332626, 0.00815771333873272, 0.07131557166576385, -0.08401858806610107, -0.08931618928909302, -0.06435205042362213, -0.06619327515363693, 0.08139149844646454, 0.03805607929825783, 0.010789763182401657, 0.08789674937725067, -0.06303908675909042, -0.29963982105255127, -0.015298381447792053, -0.14662548899650574, 0.02910374477505684, -0.0974113792181015, 0.03286437690258026, 0.07977525889873505, -0.14724315702915192, -0.02398277260363102, -0.02925371192395687, 0.14976133406162262, -0.040822409093379974, -0.05859179049730301, 0.16233402490615845, -0.04575182497501373, -0.0668553039431572, -0.056434035301208496, -0.042496323585510254, 0.27235057950019836, 0.15952399373054504, -0.04608537256717682, 0.05454225838184357, -0.003954891115427017, 0.1499466598033905, -0.29620590806007385, 0.032518886029720306, 0.11652589589357376, 0.11211901903152466, 0.06073419004678726, 0.13472424447536469, -0.1072833240032196, 0.08034100383520126, 0.08951584994792938, -0.23182961344718933, 0.10730308294296265, 0.029726121574640274, -0.05590139701962471, -0.07566643506288528, -0.03979184851050377, 0.17047151923179626, 0.062331005930900574, -0.12668153643608093, -0.0912894457578659, 0.1115276962518692, -0.162441685795784, -0.024580370634794235, 0.08266109228134155, -0.14164181053638458, -0.19149309396743774, -0.1638183742761612, 0.11675882339477539, 0.39640718698501587, 0.2146141082048416, -0.17109918594360352, 0.04754869267344475, -0.11243928968906403, 0.0179858710616827, 0.09812980145215988, -0.0072397999465465546, -0.03529239073395729, -0.02695970982313156, -0.12744419276714325, 0.08445684611797333, 0.11561792343854904, 0.005411964841187, -0.05000598356127739, 0.2077394276857376, -0.005181934684514999, 0.021318994462490082, -0.02757072076201439, -0.031164735555648804, -0.005494916811585426, 0.09602157771587372, -0.08825282752513885, 0.06439629197120667, 0.07795187830924988, -0.11366188526153564, 0.016076598316431046, 0.02377435192465782, -0.16758936643600464, 0.13478654623031616, -0.01663907803595066, 0.039901405572891235, 0.04784921929240227, -0.009419740177690983, -0.21094980835914612, 0.01988038420677185, 0.1590920090675354, -0.26967138051986694, 0.22277341783046722, 0.1603047251701355, 0.012943623587489128, 0.1296447068452835, 0.01703711599111557, 0.06900487840175629, 0.06529098749160767, -0.07790634781122208, -0.1406835913658142, -0.052544716745615005, 0.07416903227567673, -0.0004355865530669689, -0.0038327043876051903, -0.002878583502024412]
Всего ID в базе: 9
--------------------------------------------------------------------------------
Добавлено лицо: 3 (ID: U0010)
Кодировка:
[-0.12571297585964203, 0.04830681532621384, -0.011375971138477325, -0.013756620697677135, -0.033304523676633835, 0.007005282212048769, 0.03183235228061676, -0.140459805727005, 0.2352178543806076, -0.10959715396165848, 0.19945167005062103, 0.08216287195682526, -0.19367676973342896, -0.1395304799079895, -0.005580201279371977, 0.1585724800825119, -0.11847090721130371, -0.14216497540473938, -0.06626805663108826, -0.07899436354637146, 0.05858210101723671, 0.08443887531757355, 0.011912662535905838, 0.041665587574243546, -0.07412751019001007, -0.3834702968597412, -0.07255864888429642, -0.09638712555170059, 0.0033055944368243217, -0.06658028066158295, 0.04570844769477844, 0.05729474499821663, -0.20409882068634033, -0.03656835854053497, 0.007540703751146793, 0.05876414105296135, -0.09723798930644989, -0.0797356516122818, 0.2325570434331894, 0.10140608996152878, -0.152668759226799, 0.03120010532438755, 0.047243110835552216, 0.2664385735988617, 0.1625000238418579, -0.04910895600914955, 0.08622822910547256, -0.11708652228116989, 0.1214148998260498, -0.27098119258880615, 0.023887351155281067, 0.15215283632278442, 0.09605139493942261, 0.04787253960967064, 0.1152481660246849, -0.1324671506881714, -0.03879782557487488, 0.08193867653608322, -0.20141279697418213, 0.14384812116622925, 0.03466524928808212, -0.047436513006687164, -0.0874798372387886, -0.05062590911984444, 0.14733344316482544, 0.1407039612531662, -0.1011451929807663, -0.15211401879787445, 0.1658409833908081, -0.19429732859134674, -0.09632807224988937, 0.06678654998540878, -0.09792749583721161, -0.22308622300624847, -0.31191274523735046, 0.02599128894507885, 0.3615705668926239, 0.1412920355796814, -0.11729530245065689, 0.009043266996741295, -0.10494107753038406, -0.02400033548474312, 0.006100465543568134, 0.07906452566385269, -0.06091637909412384, -0.04072783514857292, -0.055420562624931335, 0.04186795651912689, 0.21724732220172882, 0.08439935743808746, -0.04942568391561508, 0.2890004813671112, -0.012793215923011303, -0.007939014583826065, -0.023905586451292038, 0.08367700129747391, -0.07940320670604706, -0.038367804139852524, -0.08180852234363556, -0.074538454413414, 0.03323895484209061, -0.1274205446243286, 0.073546402156353, 0.13883250951766968, -0.2617035210132599, 0.17291690409183502, -0.07359030842781067, 0.012127107940614223, 0.054212626069784164, 0.026956452056765556, -0.11350008845329285, 0.05573386698961258, 0.12042612582445145, -0.21009476482868195, 0.24097119271755219, 0.1710314005613327, 0.02415916696190834, 0.12614038586616516, 0.036877114325761795, 0.0576544925570488, -0.06619980931282043, -0.07263975590467453, -0.19332005083560944, -0.07901737838983536, -0.05414239689707756, 0.022127218544483185, 0.0015507303178310394, 0.04524291306734085]
Всего ID в базе: 10
--------------------------------------------------------------------------------
Добавлено лицо: 5661ebe8-4d56-45c5-9530-9d74eeb64c87 (ID: 5661ebe8-4d56-45c5-9530-9d74eeb64c87)
Кодировка:
[-0.1707501  -0.01851969  0.04437134  0.01181273 -0.01676291 -0.09894574
  0.00471442 -0.1223896   0.16794121 -0.04921596  0.1624627   0.02250845
 -0.18391693 -0.09927618 -0.04804846  0.05260261 -0.15178458 -0.09089877
 -0.02940719 -0.1486377   0.10322488  0.13633569  0.04916979  0.04484281
 -0.11720762 -0.34836349 -0.06220468 -0.13236147  0.08800875 -0.04250168
  0.01251822  0.02837968 -0.19938895 -0.04381696 -0.01829989  0.14716688
  0.02338172 -0.07367776  0.17684653  0.02955997 -0.10560149 -0.03505047
  0.03665067  0.26305142  0.15194732  0.02198984  0.03892825 -0.06578456
  0.20223568 -0.22350486  0.10336628  0.14764404  0.12213561  0.03705991
  0.10127463 -0.15641424 -0.0095946   0.1083767  -0.22879896  0.16587301
  0.03992446  0.0167322   0.02163706 -0.02908337  0.12108409  0.07261747
 -0.09774389 -0.08756278  0.14427829 -0.23488235 -0.06565461  0.04510691
 -0.11966372 -0.20126882 -0.32704109  0.05195308  0.39707193  0.12485332
 -0.09953403  0.03199041 -0.07586033 -0.04245833  0.0841588   0.05840179
 -0.0653507   0.0184803  -0.13563859  0.04139423  0.20508116  0.07492515
 -0.09036033  0.24051441 -0.02104257  0.04984605  0.01321597  0.10578052
 -0.12988517  0.01753421 -0.0553982   0.0152064   0.05266254 -0.11436056
  0.03936185  0.0925807  -0.16891432  0.15997188 -0.03505967  0.02086154
  0.0029009   0.00192267 -0.15106404  0.00345147  0.13779001 -0.20122752
  0.23077786  0.16199109  0.04156897  0.21508399 -0.00307045  0.06433393
 -0.01283072 -0.02438216 -0.14635223 -0.08736221 -0.04190769 -0.01055822
  0.02940385  0.09749994]
Всего ID в базе: 4
--------------------------------------------------------------------------------
Добавлено лицо: 7a8356af-0af1-4e56-ab9e-dc20d3b9af08 (ID: 7a8356af-0af1-4e56-ab9e-dc20d3b9af08)
Кодировка:
[-0.1441948   0.01186443  0.06502327 -0.01621045 -0.08356854 -0.07847862
 -0.00442761 -0.14054441  0.14549063 -0.04588363  0.23563474 -0.06097639
 -0.20674229 -0.09165951 -0.07557579  0.08310837 -0.11748098 -0.03556559
 -0.05912723 -0.09483517  0.09434481  0.05656937  0.03873718  0.03019522
 -0.0563593  -0.29109642 -0.05048105 -0.13312823  0.07725802 -0.05617991
 -0.05798608 -0.00657507 -0.1750606  -0.07740797 -0.0532985   0.08632069
 -0.07355551 -0.05675827  0.14934547 -0.04433428 -0.10923766 -0.02914002
  0.03734869  0.17400596  0.17780507  0.03447832  0.04954527 -0.05813288
  0.12760101 -0.2473896   0.00133757  0.13762783  0.14708966  0.01828199
  0.15575482 -0.13799243 -0.02828579  0.13102484 -0.19307061  0.15605208
  0.04038529  0.03980417  0.03743693 -0.04085775  0.17141922  0.06157039
 -0.0899497  -0.07475591  0.15037735 -0.18733354 -0.04571006  0.09542324
 -0.08609702 -0.25507477 -0.25346199  0.03932319  0.35823476  0.14275692
 -0.08807814  0.01705351 -0.09619384 -0.07143578  0.0423604  -0.06590875
 -0.06829689  0.02037821 -0.16566813  0.00801125  0.19105136 -0.03615762
  0.01945792  0.26442391 -0.03200509 -0.00327936 -0.03105304  0.07118626
 -0.11562792  0.05450169 -0.05864771  0.00537052  0.09004363 -0.17619468
  0.06803141  0.03111766 -0.17554705  0.07684553 -0.08394417  0.01573613
 -0.06232957 -0.05851952 -0.15640455  0.06795961  0.18836719 -0.2213612
  0.22785437  0.15871006  0.04042855  0.13691409  0.03118773  0.0006592
  0.00518747 -0.06175585 -0.09661891 -0.09785396 -0.02105183 -0.04986524
  0.02657512  0.09127869]
Всего ID в базе: 4
--------------------------------------------------------------------------------
Добавлено лицо: Unknown (ID: 6743ba9e-ee60-4602-bcb6-48f1ed259b8a)
Кодировка:
[-1.09653056e-01  1.21748380e-01  7.57231638e-02 -8.59310478e-02
 -6.53588250e-02  2.88488753e-02 -3.18439081e-02 -1.23006385e-02
  1.77866191e-01 -3.87243219e-02  1.60063744e-01  3.33003849e-02
 -2.67005712e-01 -7.38130882e-02  4.86479141e-02  9.53446999e-02
 -1.07756503e-01 -1.17391855e-01 -9.93753970e-02 -1.35134637e-01
  8.59242491e-03  1.13025688e-01  5.90528222e-03  5.38993161e-04
 -9.35903192e-02 -3.13102186e-01 -4.63274978e-02 -1.13622598e-01
  1.37188941e-01 -1.31022692e-01  1.66803040e-02  1.29354019e-02
 -1.28726691e-01 -3.60793397e-02  6.55789860e-03  9.85864177e-02
 -1.05038928e-02 -1.56852990e-01  1.59540609e-01 -5.01378104e-02
 -8.56516510e-02 -8.23201388e-02  3.52317803e-02  2.73617744e-01
  1.54779106e-01 -2.11999547e-02  4.79361340e-02 -4.22976017e-02
  1.30388185e-01 -2.48443201e-01  7.84510374e-02  1.01333663e-01
  8.34564045e-02  8.25906321e-02  1.45468220e-01 -1.57713845e-01
  5.20997606e-02  9.69164371e-02 -2.59592235e-01  9.00592357e-02
  4.65190560e-02 -1.86302457e-02 -1.13093495e-01 -1.30075231e-01
  1.55407906e-01  9.45719406e-02 -1.11385718e-01 -1.84724376e-01
  9.10370499e-02 -2.03118071e-01 -4.64413539e-02  9.08892676e-02
 -1.00027546e-01 -1.14400715e-01 -2.57930249e-01  4.00980264e-02
  3.12935352e-01  1.72509670e-01 -1.70300588e-01  2.54512988e-02
 -2.94166384e-04 -5.26710264e-02  6.95472658e-02  2.66402699e-02
 -8.21580514e-02 -4.60860021e-02 -7.64314830e-02  5.19955344e-02
  1.82326093e-01  4.53769509e-03 -4.10809740e-02  1.65628642e-01
  9.48451459e-03 -1.32658631e-02 -1.37616890e-02  8.25378597e-02
 -6.92525133e-02  1.83246136e-02 -4.21066731e-02  6.19336292e-02
  1.11681752e-01 -1.44297421e-01 -7.93481804e-03  7.59062320e-02
 -1.69431895e-01  1.70164630e-01  1.39387287e-02  9.06772446e-03
  5.00509329e-02 -2.66267732e-02 -1.51831299e-01 -6.91991393e-03
  2.29106426e-01 -2.71070063e-01  1.92468837e-01  1.99622363e-01
 -1.16903232e-02  1.31287634e-01  4.07563196e-03  1.17040835e-01
  6.63021626e-03 -1.52120506e-02 -1.49459958e-01 -1.19930685e-01
 -9.18277167e-03 -5.35136275e-02 -2.51933001e-02  5.46544306e-02]
Всего ID в базе: 5
--------------------------------------------------------------------------------
Добавлено лицо: Unknown (ID: 8e18d269-1908-49ef-852d-0e4bffd1f82c)
Кодировка:
[-0.0605772   0.047417    0.03201415 -0.105251   -0.0286452   0.00652436
 -0.01923128 -0.06628685  0.196758   -0.14536272  0.18051802  0.00569088
 -0.2778545   0.05363597 -0.06534331  0.14838992 -0.1428661  -0.09864781
 -0.09642048 -0.02455375  0.07482029  0.0169766   0.04419013  0.10434308
 -0.07239882 -0.28751993 -0.09573416 -0.1175086  -0.05970393 -0.07934672
  0.02694702  0.01081798 -0.1783199   0.07348926  0.01893316  0.05895303
 -0.02220037 -0.09639987  0.22881281  0.03201131 -0.2180941   0.01155144
  0.08636535  0.1931123   0.21835543 -0.01793527 -0.01051116 -0.05318422
  0.12029521 -0.34209156  0.0326415   0.13719484  0.05956781  0.09476375
  0.09974184 -0.1503651   0.09545161  0.06407692 -0.21516298  0.03251874
  0.02047346 -0.06488712  0.00737849  0.03845619  0.21579976  0.1377704
 -0.13687252 -0.13359565  0.1216936  -0.26611003  0.00714648  0.15590402
 -0.13982531 -0.2160428  -0.20372756  0.00133792  0.43704417  0.21385425
 -0.11372468  0.08413073 -0.12034106 -0.04648034  0.053508    0.061873
 -0.02572075  0.02695704 -0.07673383  0.0550807   0.26963797 -0.01703945
 -0.05252321  0.29304305  0.00523711 -0.01946398  0.03388105  0.01438198
 -0.02385991 -0.12420648 -0.16082892 -0.03401269 -0.09992416 -0.06821212
 -0.05798917  0.03050705 -0.25550345  0.08549998 -0.04819144 -0.1164296
 -0.08214245  0.03293079 -0.1390395   0.01592183  0.15120935 -0.28456944
  0.19172871  0.15434474  0.06684546  0.10505257  0.01525119  0.04277073
  0.00344952 -0.08982699 -0.07249059 -0.09101355  0.04117984  0.01872807
  0.10377552 -0.03931221]
Всего ID в базе: 4
--------------------------------------------------------------------------------
Добавлено лицо: Unknown (ID: 1a5df46c-beb3-49ba-80cf-f8998c218825)
Кодировка:
[-0.05449209  0.02865266  0.07382167 -0.08550391 -0.0664957   0.0107287
 -0.00033969  0.03927818  0.1831619  -0.09497141  0.18661438  0.06126486
 -0.2029513  -0.10413639 -0.0023928   0.08166268 -0.13393366 -0.12588058
 -0.04360975 -0.07414289  0.06868898  0.04236659 -0.04187611  0.02228531
 -0.15189593 -0.33861753 -0.07853496 -0.0879987   0.11223166 -0.08370099
 -0.06809987  0.06831194 -0.1585369  -0.04241979 -0.02070074  0.10611431
 -0.0213112  -0.14700848  0.14738621  0.08492399 -0.10739641  0.00265088
 -0.04093399  0.27851716  0.16241841  0.00379555  0.08068544 -0.05635326
  0.18848903 -0.26217502  0.10687547  0.1492866   0.12208269  0.05873523
  0.14749528 -0.15674193  0.04318563  0.18678527 -0.31650284  0.10865562
 -0.05532725 -0.00053443 -0.02086778 -0.13929929  0.13586976  0.1114248
 -0.10517535 -0.1438994   0.20447823 -0.16857101 -0.04105005  0.07248467
 -0.10307248 -0.18102133 -0.29547045  0.09262533  0.29155332  0.26977953
 -0.13296942  0.04928122 -0.05700247 -0.07721294  0.04214844  0.04671872
 -0.115393    0.02546885 -0.09458213  0.02813284  0.15462817  0.08564001
 -0.0419091   0.23484972 -0.00160955 -0.00936036  0.00649983  0.03522669
 -0.1431933   0.0019964  -0.09216353 -0.03147659  0.06992973 -0.16713256
 -0.01408868  0.13207433 -0.2100371   0.13491578 -0.06730204 -0.0190151
 -0.02648575 -0.07748876 -0.14041254  0.04236768  0.15164502 -0.29271045
  0.13836272  0.18464322  0.08170353  0.15660575  0.07284482  0.00058394
 -0.01920707 -0.14323777 -0.19849612 -0.0732337   0.03537683 -0.04901612
  0.02781094  0.06153527]
Всего ID в базе: 4
--------------------------------------------------------------------------------
Добавлено лицо: Unknown (ID: d1d0fdf2-f5ad-420e-b821-6df8c393baaa)
Кодировка:
[-0.05712217  0.08170225  0.14133112 -0.02088538 -0.10008463 -0.07893611
 -0.02552995 -0.03518105  0.08350839 -0.0566433   0.18688266 -0.01182485
 -0.27992493 -0.0106543  -0.03650435  0.09910781 -0.0739551  -0.03686064
 -0.0751809  -0.09129782  0.09923551  0.06679645  0.03478077  0.02210975
 -0.08830455 -0.33965355 -0.07061654 -0.11554323  0.02827259 -0.05194866
  0.01935852  0.04305052 -0.10029718 -0.03009948 -0.01667029  0.04513801
 -0.03508407 -0.11688355  0.21659189 -0.01414653 -0.12129973  0.00105627
  0.04478905  0.25711119  0.15917006 -0.02023801  0.11352898 -0.04947101
  0.13356361 -0.33705831  0.09698483  0.07214638  0.0908352   0.11619515
  0.16411445 -0.21776238  0.04693728  0.12801908 -0.17578559  0.11012023
  0.04006846 -0.01663615 -0.00390663 -0.10753576  0.21647219  0.08070093
 -0.13142511 -0.02543426  0.06949656 -0.1803422  -0.02654009  0.06634186
 -0.14329438 -0.12903209 -0.34057218  0.08430132  0.37560749  0.24276105
 -0.17029482 -0.036043   -0.09301711  0.07012097  0.10841288 -0.03146714
 -0.10549396 -0.01986239 -0.09229837  0.04438253  0.16749793 -0.01644872
 -0.09104279  0.23719259  0.04033729  0.08149154  0.00634864  0.01445127
 -0.07645553 -0.08834393 -0.10965525  0.08422126  0.0212887  -0.16222189
  0.00765966  0.07417004 -0.23341759  0.09189228 -0.02978365 -0.01804541
 -0.02141258  0.03634558 -0.21002109  0.05309526  0.19006541 -0.2424925
  0.19927251  0.19789681  0.03940731  0.16297959  0.08345437  0.02750238
 -0.07260969 -0.08250623 -0.08051542 -0.05871582  0.07950833  0.01744395
  0.04274627  0.05140529]
Всего ID в базе: 5
--------------------------------------------------------------------------------
Добавлено лицо: Unknown (ID: aba7ae2b-782e-4e69-8790-23b023c68a98)
Кодировка:
[-9.89618301e-02  2.58006509e-02  7.62767419e-02 -4.45212238e-03
 -1.08958669e-01 -2.02534571e-02 -4.35445905e-02  1.61381392e-03
  4.81996574e-02  2.89821997e-04  1.82562038e-01 -7.62093365e-02
 -2.31959313e-01 -7.71517456e-02 -7.17679784e-02  1.22001529e-01
 -1.44517615e-01 -8.26255456e-02 -1.08978741e-01 -9.54550058e-02
  5.90209700e-02  6.05854206e-02  6.80728927e-02 -1.57189220e-02
 -9.80614647e-02 -3.51898968e-01 -1.26394285e-02 -1.40941486e-01
  5.18417433e-02 -1.02663241e-01 -1.55984042e-02  1.23516090e-01
 -1.95729494e-01 -8.07242393e-02  4.33256067e-02  9.00634453e-02
  1.02842990e-02  3.18961963e-02  1.70819551e-01  5.62963635e-02
 -1.69990659e-01  4.21698056e-02  4.58631758e-03  2.86363125e-01
  2.61741966e-01  1.27826735e-01 -3.79864126e-02 -3.10421698e-02
  1.32799700e-01 -2.51772314e-01  6.03211597e-02  1.65782839e-01
  1.19387209e-01  5.20629212e-02  1.46936819e-01 -1.12800270e-01
  2.21057497e-02  1.16457254e-01 -2.26586044e-01  9.82796848e-02
 -3.64058875e-02 -1.09812349e-01  4.45431806e-02 -1.19110487e-01
  1.62522033e-01  4.35248390e-02 -7.69055039e-02 -8.84211063e-02
  2.06561267e-01 -1.13899179e-01 -3.58245969e-02  1.18966736e-01
 -9.67506990e-02 -1.37241766e-01 -2.71879345e-01  3.64772975e-02
  3.47962320e-01  1.16015241e-01 -2.17884347e-01 -1.54706715e-02
  1.25119649e-02 -5.83515018e-02  7.10843056e-02  7.74724409e-02
 -4.36476059e-02 -4.41897549e-02 -5.44921458e-02 -4.49778102e-02
  1.18516184e-01 -4.16552126e-02 -5.85868992e-02  2.06717223e-01
 -7.79956281e-02 -8.82544741e-03  7.47128278e-02  7.26499185e-02
 -1.28481939e-01  1.91432256e-02 -1.13800615e-01 -6.08464628e-02
  5.62054291e-02 -1.95891395e-01 -2.28049234e-04  5.17238230e-02
 -1.13199279e-01  5.74880391e-02 -1.10020310e-01  1.02678118e-02
 -5.79842664e-02 -3.68165672e-02 -4.39905226e-02  3.53865437e-02
  1.71247423e-01 -2.84659296e-01  2.96145409e-01  2.11920351e-01
 -9.08025652e-02  1.24804206e-01  2.55513974e-02  7.64779523e-02
 -2.59457510e-02 -2.15641037e-02 -1.04066908e-01 -1.60968989e-01
  4.02016453e-02 -3.33932880e-03  2.02190913e-02  2.86783502e-02]
Всего ID в базе: 6
--------------------------------------------------------------------------------
Добавлено лицо: Unknown (ID: 0379eb17-7e9d-4149-a110-4d34f4d8dff8)
Кодировка:
[-0.1665819   0.08602543  0.08487731 -0.11228429 -0.15902928 -0.07026213
 -0.05168869 -0.11414833  0.12781362 -0.01250055  0.21954007  0.00486
 -0.12529059 -0.06196883 -0.03738055  0.08426824 -0.10796195 -0.08199167
 -0.0182254  -0.09518722  0.04051595  0.05546878  0.07054136  0.06962933
 -0.15231803 -0.29464146 -0.09639417 -0.08459762  0.06047372 -0.03843432
  0.00234185  0.05569204 -0.20369889 -0.11678188 -0.00650788  0.13877836
 -0.05771439 -0.09445432  0.1747124   0.06171365 -0.11331944  0.06588046
 -0.00860333  0.3256405   0.19394778  0.00924066  0.06305286 -0.06909943
  0.15200505 -0.18741797  0.07664149  0.13147004  0.10569038  0.00343048
  0.0676625  -0.08649164  0.08674712  0.16970606 -0.23665582  0.07965702
  0.07486348 -0.04994074  0.02072601 -0.12036039  0.19354405  0.10966909
 -0.08989117 -0.06103335  0.14151649 -0.04469533 -0.08291723  0.03742864
 -0.16361845 -0.15400675 -0.32485619  0.09899218  0.39019674  0.1565451
 -0.18711536 -0.01854123 -0.09497341  0.02865817  0.04690977  0.01894834
 -0.09707841 -0.07028606 -0.13030912  0.00734396  0.16587333  0.01124492
 -0.06745669  0.21065298  0.04736436  0.01660972  0.03786802  0.10238554
 -0.17333207  0.03049056 -0.10783742  0.00608718  0.05302484 -0.1375777
  0.02379502  0.1438724  -0.23298977  0.17667377 -0.00542946 -0.02511246
 -0.04004788 -0.02304678 -0.10497445  0.00145136  0.13767101 -0.22249682
  0.20486957  0.19343543  0.03596022  0.19103205  0.10037405  0.03305702
 -0.06556234  0.00045696 -0.08172394 -0.09788021  0.03844391 -0.01080674
  0.08818366  0.11692203]
Всего ID в базе: 7
--------------------------------------------------------------------------------
Добавлено лицо: Unknown (ID: 10cedc6d-9226-489d-bc2f-8308db5467fb)
Кодировка:
[-0.12364168  0.07005283  0.16078159 -0.06309471 -0.07642914 -0.00655243
 -0.03699687 -0.08431169  0.20662242 -0.10043912  0.09157508 -0.06960027
 -0.23262712  0.07968535 -0.05494338  0.20350933 -0.05729891 -0.15103212
 -0.08055018 -0.0028233   0.00137585  0.1085038  -0.01881122  0.06390326
 -0.11181083 -0.34749177 -0.06266143 -0.11273769 -0.08819947 -0.025943
 -0.08046573  0.03811489 -0.17878065 -0.06905968  0.03855444  0.14311656
 -0.08088353 -0.12810767  0.17380758  0.04727939 -0.30110908 -0.06339748
  0.07031243  0.22279614  0.18627515 -0.00137737  0.0341259  -0.08149901
  0.15493493 -0.31361294 -0.01707289  0.10976665  0.05234801  0.08265055
  0.06671348 -0.11560644  0.08069193  0.0522859  -0.19873862  0.01521759
  0.10275457 -0.11017272 -0.03159503 -0.05464846  0.17220062  0.06710441
 -0.10810938 -0.05310436  0.16403434 -0.17538576 -0.01295087  0.08792339
 -0.1079706  -0.19645871 -0.31070557 -0.02607911  0.48081216  0.11522382
 -0.09605649  0.03605972 -0.05743932  0.00839474  0.01483096  0.12347753
 -0.02584652  0.07051905 -0.02733402  0.05398727  0.25963265 -0.02741492
  0.03261599  0.18797939 -0.01155099  0.01918226  0.01469218  0.14539844
 -0.0571836  -0.05002    -0.09772617  0.03356159  0.05152746 -0.0587301
  0.02176371  0.11813744 -0.27779251  0.16519134 -0.02809367 -0.0450241
  0.03664205 -0.00583662 -0.06378063 -0.01846153  0.19050701 -0.17830592
  0.06090752  0.17470384 -0.07488337  0.10892228  0.00587597  0.06072262
 -0.05852427 -0.04321837 -0.21775258 -0.12976842  0.06432351  0.00552483
  0.03966568  0.04263662]
Всего ID в базе: 8
--------------------------------------------------------------------------------
Добавлено лицо: Unknown (ID: 5eea333a-7027-4164-9be2-53bde94cb3b4)
Кодировка:
[-0.0142969   0.05111092  0.04302615 -0.14248554 -0.08484007 -0.01010223
  0.01170271 -0.0228103   0.17191227 -0.08601163  0.1707809   0.02272638
 -0.27848041 -0.03255711  0.01013886  0.06833801 -0.05607455 -0.10978528
 -0.08467351 -0.12891918 -0.0013805   0.09950132 -0.04415214  0.03305834
 -0.02072096 -0.25794148 -0.03601718 -0.12541348  0.04879479 -0.11409365
  0.0407022   0.03493279 -0.11839959 -0.03196054 -0.03353329  0.07216866
 -0.08897882 -0.13732216  0.15781885 -0.01609888 -0.07777647 -0.08064302
 -0.01498004  0.29381824  0.12991948 -0.063541    0.09926054 -0.03687197
  0.13635552 -0.23533602  0.05990104  0.07281001  0.10635277  0.09752824
  0.0754452  -0.16387863  0.06069815  0.14202201 -0.21686655  0.11164575
  0.0769744  -0.08026201 -0.08437424 -0.08790572  0.20592766  0.02317828
 -0.12144974 -0.13041185  0.1116809  -0.17838375 -0.08630237  0.05570783
 -0.13730416 -0.12804808 -0.21755451  0.09854428  0.33095619  0.16541709
 -0.12509747  0.03054369 -0.06571304 -0.00056325  0.08423427  0.02566407
 -0.00970233 -0.0497098  -0.11061354  0.06247768  0.1810423  -0.06491574
 -0.054655    0.12906039  0.00232196  0.00092555 -0.03408244  0.0533031
 -0.06252642  0.07558976 -0.04799461  0.10086617  0.05276139 -0.14159469
 -0.01446199  0.04589975 -0.15082651  0.20559204  0.01964079  0.00263808
  0.00717831 -0.04880375 -0.12305225 -0.01356335  0.20031546 -0.24184702
  0.1925565   0.17707819  0.08699159  0.17124143 -0.01166302  0.06908016
  0.01650666 -0.07680082 -0.2053622  -0.08743442  0.01297502  0.04786694
 -0.0064053   0.06678121]
Всего ID в базе: 9
--------------------------------------------------------------------------------
Добавлено лицо: Unknown (ID: 6031d30a-61b9-4a6c-9e87-4102d8e9f360)
Кодировка:
[-1.89515844e-01  8.06899816e-02  1.00732446e-01 -6.23974167e-02
 -7.54039288e-02 -9.01528448e-03 -3.09906248e-02 -1.33330762e-01
  1.53349400e-01 -1.40019014e-01  2.32830822e-01 -6.29810616e-02
 -2.64604419e-01 -7.78919458e-02 -4.15261909e-02  1.84388727e-01
 -1.05797313e-01 -1.22043364e-01 -4.21939939e-02 -7.74178877e-02
  6.62750453e-02  3.33471992e-03 -8.54196623e-02  6.33338839e-02
 -1.09120622e-01 -2.83232749e-01 -1.34806901e-01 -6.70928210e-02
 -9.49663892e-02 -1.21909454e-02 -1.05869845e-02  4.10073847e-02
 -1.29180208e-01 -5.86590394e-02 -1.26484046e-02  1.07891709e-01
  5.72954398e-03 -1.22736990e-01  1.15574777e-01 -3.49431522e-02
 -1.23825140e-01 -8.99803452e-03  9.24172774e-02  2.46052653e-01
  1.47618189e-01  3.06033287e-02  3.51344422e-02 -4.04740013e-02
  1.63974971e-01 -2.98384279e-01  2.81991437e-04  9.76101607e-02
  1.18957929e-01  6.51185289e-02  6.84719011e-02 -1.99653998e-01
  7.29973689e-02  1.51928246e-01 -2.63205796e-01  5.25646508e-02
  2.12282632e-02 -1.34276748e-01 -5.01764566e-02 -7.33001232e-02
  2.23223329e-01  1.65160730e-01 -1.81830272e-01 -9.19006765e-02
  2.00125039e-01 -1.40633643e-01 -1.65193230e-02  2.48511508e-02
 -1.45606682e-01 -2.40857810e-01 -3.22117209e-01  9.78187472e-02
  4.53037769e-01  1.89013824e-01 -1.90704107e-01  2.54282616e-02
 -4.75892164e-02  1.22354273e-02  5.07913232e-02  1.33944556e-01
  2.15218384e-02 -6.90537766e-02 -1.16247661e-01 -3.37132104e-02
  1.80413455e-01  1.35185737e-02 -1.12698926e-02  2.68167317e-01
  3.58656794e-02 -5.53929666e-03 -6.86355866e-03  9.82550308e-02
 -8.55302438e-02 -3.07892617e-02 -6.38537258e-02  7.11718872e-02
 -3.64752449e-02 -9.85904709e-02 -3.83537710e-02  5.64462356e-02
 -1.81373730e-01  1.92054704e-01 -1.84360575e-02  2.90593412e-03
 -1.08022273e-01 -9.06761810e-02 -5.48338480e-02  7.01733008e-02
  1.37824401e-01 -2.92334944e-01  9.70408618e-02  1.63991630e-01
  1.40144099e-02  2.46419758e-01  3.22935283e-02  9.02316570e-02
  1.73618793e-02 -8.34378749e-02 -1.83256060e-01 -1.42376736e-01
  2.70639397e-02 -8.08688551e-02  3.56413610e-02  8.49568322e-02]
Всего ID в базе: 10
--------------------------------------------------------------------------------
Добавлено лицо: Unknown (ID: 5fa6782d-45a2-45d8-bf17-f184d4375b41)
Кодировка:
[-6.92386553e-02  6.66338429e-02  7.97566622e-02 -1.44870207e-02
 -6.41432777e-02 -7.41447061e-02 -2.27500387e-02 -3.33514996e-02
  1.18901253e-01 -5.60949668e-02  1.76180258e-01 -7.46315578e-03
 -2.19219849e-01 -4.84882221e-02  1.06507167e-03  1.54895887e-01
 -1.54465750e-01 -1.16860822e-01 -6.48096427e-02 -1.43035233e-01
  1.31947757e-03  2.85676643e-02 -3.49738933e-02  1.16129788e-02
 -1.08674355e-01 -2.31968462e-01 -1.32586673e-01 -5.89955077e-02
  5.82824722e-02 -9.53780115e-02  4.23887093e-03  4.64265384e-02
 -2.11152822e-01 -3.54880616e-02  2.74532847e-02 -3.20532359e-04
 -4.20854427e-02 -8.91073197e-02  1.69953063e-01  8.71357471e-02
 -1.46321148e-01  6.14964291e-02  4.20421697e-02  2.80898958e-01
  1.66347861e-01 -1.87370647e-02 -8.70163739e-03 -8.36876109e-02
  7.30537474e-02 -2.22165838e-01  3.77836972e-02  2.13211000e-01
  1.82168260e-01  1.17513247e-01  2.07875427e-02 -1.28413111e-01
  3.40127386e-02  1.12523541e-01 -1.63285166e-01  9.67492908e-02
  7.42968321e-02 -3.46447416e-02 -1.65247750e-02 -9.94835496e-02
  1.58637583e-01  9.09624472e-02 -1.20645136e-01 -1.70859680e-01
  1.43392175e-01 -1.54448509e-01 -7.94859827e-02  8.63827392e-02
 -1.06754333e-01 -1.85741529e-01 -2.79142916e-01  9.18477997e-02
  3.47224504e-01  1.96662694e-01 -2.07344636e-01 -1.45019423e-02
 -1.39525801e-01 -4.11299393e-02 -1.31929172e-02  8.01603198e-02
 -1.22584306e-01 -2.49194354e-02 -4.65565138e-02  1.42797818e-02
  2.07033738e-01 -1.12197092e-02 -2.71884222e-02  2.23306268e-01
  3.23174968e-02  3.58484387e-02 -4.32425253e-02 -1.56921148e-02
 -7.99211636e-02 -3.78578044e-02 -8.84390324e-02 -5.72653487e-02
 -2.52576880e-02 -1.55366704e-01 -6.61691837e-03  1.66801274e-01
 -2.07643375e-01  1.96084857e-01  2.74786726e-02 -4.75945584e-02
 -3.86405103e-02  1.19727887e-01 -8.28009099e-02 -2.26130560e-02
  1.40017927e-01 -2.30660960e-01  2.25597158e-01  2.36944854e-01
  6.60810247e-02  7.90483952e-02  7.03662187e-02  1.23149112e-01
 -6.52248338e-02 -5.63711710e-02 -9.92885455e-02 -7.16367215e-02
  1.27782645e-02 -3.62551250e-02  3.54030170e-03  4.21798639e-02]
Всего ID в базе: 11
--------------------------------------------------------------------------------
Добавлено лицо: Unknown (ID: 56436a85-ce9b-4d6b-968c-3c7086a70140)
Кодировка:
[-0.02316947  0.04345692  0.00479534 -0.00387831 -0.08403999 -0.05939771
 -0.05686849 -0.127489    0.14972806 -0.04772943  0.21124178 -0.02432808
 -0.22357176 -0.07571191 -0.06142924  0.09053565 -0.14770564  0.02552767
 -0.08564515 -0.10172067  0.00808333  0.10982695  0.0860272   0.03204547
 -0.08899087 -0.30121335 -0.0947545  -0.12025543  0.08566836 -0.10142291
 -0.01740835  0.07821229 -0.22060099 -0.09538257 -0.0121927   0.02383772
 -0.05689482 -0.11496297  0.1896472   0.07391233 -0.05927704  0.03384881
  0.02825505  0.17172487  0.18457502 -0.03196748  0.05344605 -0.09428361
  0.13111776 -0.22787161 -0.0014504   0.14420974  0.09538507  0.04336598
  0.11385799 -0.12185479  0.01144993  0.21768411 -0.23420559  0.12981838
 -0.00604547  0.04578843  0.03015468  0.0146993   0.14543132  0.11497447
 -0.03634505 -0.10894369  0.14645825 -0.19330709 -0.05064271  0.09022681
 -0.07020263 -0.21259198 -0.26449379  0.0149169   0.3485713   0.18081173
 -0.11080872  0.04450755 -0.11523892 -0.15707077  0.02094277 -0.01494691
 -0.07964637 -0.05402817 -0.06109205  0.03829984  0.22599123  0.05507835
 -0.0076467   0.31112054 -0.02401105  0.01213313  0.00162404 -0.02981083
 -0.15072693 -0.03680862 -0.05296039 -0.0694454   0.01754898 -0.16765665
  0.02549049  0.10337147 -0.23037662  0.12624329 -0.0586794  -0.05977814
  0.00151705 -0.04079902 -0.08074038  0.08986957  0.20740712 -0.24245073
  0.25153357  0.12087236  0.04321655  0.13538477  0.01819549  0.02498585
 -0.02677888 -0.06693061 -0.11336274 -0.09871627  0.000735   -0.07333524
  0.04358792  0.02150635]
Всего ID в базе: 8
--------------------------------------------------------------------------------
Дополнен ID: Misha (ID: U0001)
Кодировка:
[-1.55372694e-01  9.75932926e-02  1.03925407e-01 -8.24000686e-02
 -1.96649030e-01  8.08823779e-02 -1.89526398e-02 -3.51329595e-02
  1.36102840e-01 -8.82499218e-02  1.36312544e-01  1.16657270e-02
 -2.72995114e-01 -1.90441683e-02  1.46344500e-02  1.40507475e-01
 -1.09059528e-01 -1.50745630e-01 -6.63312376e-02 -4.56148461e-02
  2.79727131e-02  4.81085144e-02 -2.23220680e-02  4.23934422e-02
 -2.62753796e-02 -4.29219723e-01 -6.82552978e-02 -3.98446470e-02
  1.09176554e-01 -5.76576181e-02 -7.81482831e-02 -1.11958031e-02
 -1.96686745e-01 -2.25321632e-02 -2.59521324e-03  8.29934627e-02
 -1.09756649e-01 -1.30202338e-01  1.90915287e-01 -1.33971069e-02
 -1.78976476e-01  5.56017365e-03  4.81327064e-02  2.30684519e-01
  1.97846934e-01 -1.69990715e-02  7.07626566e-02 -3.56467590e-02
  1.22564293e-01 -3.17941070e-01  7.63085037e-02  1.53842270e-01
  1.46028280e-01  1.12059943e-01  9.81629118e-02 -1.31805718e-01
 -1.45224659e-02  1.53973192e-01 -1.69747666e-01  6.80397972e-02
  8.28063302e-03 -5.52267432e-02 -7.27279112e-02 -1.39652714e-01
  2.15533882e-01  1.28808066e-01 -8.72196555e-02 -1.91106230e-01
  1.62583187e-01 -1.74490228e-01 -4.86828312e-02  8.84405673e-02
 -1.10463575e-01 -1.35821462e-01 -2.09458962e-01  1.26437187e-01
  3.50236326e-01  2.20005900e-01 -1.79466233e-01 -2.70168521e-02
 -5.64231724e-02 -2.25465056e-02  3.04880785e-04  5.16168289e-02
 -8.25429931e-02 -3.51260528e-02 -5.94390444e-02  6.04864471e-02
  2.01063201e-01 -2.57797018e-02  3.21526602e-02  2.52944529e-01
  1.04423188e-01  3.03952657e-02  7.14096520e-03  7.38143101e-02
 -5.05052693e-02 -3.55513729e-02 -1.15774155e-01 -1.63907334e-02
  7.46085271e-02 -1.02780916e-01  3.62967066e-02  1.35054812e-01
 -2.38485217e-01  1.87129289e-01 -7.35969394e-02 -2.15578601e-02
  3.30159962e-02 -3.49430367e-02 -5.62282205e-02 -7.70004513e-03
  1.42122582e-01 -2.56597370e-01  1.71588033e-01  2.08273932e-01
 -1.88400480e-03  1.24733835e-01 -7.62758870e-03  5.46772145e-02
  1.05616981e-02 -8.05128366e-02 -1.47641107e-01 -9.23863351e-02
  8.73120502e-02 -4.05541621e-02 -6.13334253e-02  4.77341041e-02]
Всего ID в базе: 8
--------------------------------------------------------------------------------
Дополнен ID: Misha (ID: U0001)
Кодировка:
[-0.07476813  0.09287854  0.00218202 -0.06942029 -0.1430109   0.04594546
  0.02275179 -0.05404718  0.15790907 -0.06760513  0.19054523  0.07227755
 -0.21177374 -0.05510986 -0.00486007  0.06294146 -0.220119   -0.14761269
 -0.07323097 -0.00184139 -0.02178249  0.06278771  0.02238972  0.03384408
 -0.08733991 -0.35571942 -0.09293242 -0.07137781  0.16473797 -0.07421658
 -0.02991334  0.01548617 -0.1748312  -0.06994958  0.02525768  0.03779963
 -0.08943812 -0.03780992  0.1733107   0.0514466  -0.17892292 -0.00947525
  0.03269681  0.31550699  0.21993718  0.01138736  0.05954758 -0.13710962
  0.07355844 -0.28954783  0.14891009  0.15068653  0.11345389  0.06009988
  0.02289509 -0.15648356 -0.05237268  0.19457376 -0.20763227  0.18309149
  0.13339041 -0.02495561 -0.0422652  -0.08937901  0.19470899  0.13570455
 -0.14945421 -0.21060486  0.14291348 -0.21943903 -0.08019957  0.06719433
 -0.06960058 -0.16968761 -0.27828741  0.05494446  0.40218252  0.17445764
 -0.07744636 -0.02858183 -0.11458615 -0.03717009  0.05211336  0.08653524
 -0.15099002 -0.06893894 -0.06032755  0.07772455  0.18475932  0.05049729
 -0.03934344  0.19595914 -0.00337704  0.03282603  0.03575539  0.10221025
 -0.08924562  0.03378297 -0.12463877  0.03671248 -0.03115828 -0.16097234
  0.05380561  0.15420306 -0.13123704  0.19839579 -0.0237036   0.01232879
  0.084888   -0.04611485 -0.10597608 -0.03786102  0.18554179 -0.26924667
  0.24040572  0.1727369   0.10463794  0.13050658  0.0842676   0.0751175
 -0.0014136  -0.05578524 -0.21123865  0.01628137  0.00908506 -0.11603031
  0.04352169  0.03081828]
Всего ID в базе: 8
--------------------------------------------------------------------------------
Добавлено лицо: Unknown (ID: 20e13a76-6771-4168-a441-2aa53e78314b)
Кодировка:
[-0.13301201  0.08440287  0.01810853 -0.13840625 -0.08602601 -0.04960106
 -0.00658958  0.01153467  0.09971289 -0.0746838   0.22326528 -0.00227031
 -0.21849982 -0.05431679 -0.00142388  0.11591732 -0.16712025 -0.1164147
 -0.07631119 -0.09040765  0.11042281  0.04245142 -0.10914542  0.11889027
 -0.11965458 -0.26757139 -0.0785253  -0.09055784  0.05252428 -0.12509711
  0.09873237  0.00535599 -0.13301201 -0.05650713  0.06179759  0.06559169
 -0.10026727  0.00943353  0.25841621  0.09134931 -0.17299128  0.05499334
  0.08503006  0.33839637  0.15983509  0.07378461  0.02404808 -0.03920436
  0.20009117 -0.29476142  0.06775448  0.18091401  0.20705977  0.09198245
  0.11210769 -0.18084139  0.00895703  0.20214696 -0.31504011  0.15310824
 -0.01357124 -0.12895413 -0.0351655  -0.08564257  0.12130655  0.06189477
 -0.14779539 -0.18657002  0.18810225 -0.19705078 -0.07993687  0.18571453
 -0.09557591 -0.20056751 -0.28951797  0.07524771  0.30094826  0.20019265
 -0.1179971  -0.00432794  0.00270116 -0.0624745   0.0272163   0.07458504
 -0.05442695 -0.06410435 -0.01062721  0.01364896  0.12875003  0.01423655
 -0.02309087  0.21791945  0.03546596  0.06573956 -0.03246158  0.00491534
 -0.13753575 -0.04849483 -0.0999003  -0.02267871 -0.08595034 -0.07271887
  0.03660337  0.07140343 -0.17243838  0.17876436 -0.04230297 -0.04219639
 -0.17303087  0.04448994 -0.12457583  0.01424245  0.14495082 -0.27272922
  0.22553557  0.25090265  0.04061754  0.07566818  0.10427197 -0.06689049
  0.03279985 -0.08879115 -0.1738009  -0.05844875  0.04989725 -0.07967049
  0.04976432 -0.04664563]
Всего ID в базе: 9
--------------------------------------------------------------------------------
Дополнен ID: Misha (ID: U0001)
Кодировка:
[-4.01200578e-02  7.61285722e-02  6.16450235e-02 -2.17406470e-02
 -1.00410327e-01  2.22669393e-02 -8.13174620e-02 -9.32217240e-02
  2.39918351e-01 -9.78349298e-02  1.92921057e-01  9.71290469e-02
 -1.57414988e-01 -1.37765016e-02 -7.26938993e-02  5.65307662e-02
 -1.80540293e-01 -1.26126111e-01 -2.39681453e-02 -1.02935746e-01
  5.32846451e-02  1.10490598e-01 -2.75746714e-02  3.38207558e-02
 -1.31469071e-01 -2.76791453e-01 -1.10808417e-01 -1.39776856e-01
  4.32777777e-02 -5.23162819e-02 -5.08622825e-03 -3.45345913e-03
 -2.01448977e-01 -7.13087395e-02  2.28957124e-02  5.05795777e-02
 -8.00920799e-02 -4.38464843e-02  2.02657729e-01  9.87512767e-02
 -9.77601856e-02  6.64004833e-02 -3.14966775e-03  2.54652649e-01
  2.21268058e-01  3.19500640e-02 -2.13740356e-02 -1.09212153e-01
  1.85320601e-01 -2.46306419e-01  1.51939705e-01  2.08401084e-01
  1.82711929e-01  1.51548699e-01  6.76586106e-02 -1.56161085e-01
  2.15749163e-03  1.53993770e-01 -2.31038004e-01  1.60529643e-01
  3.68548632e-02 -1.07874461e-01  2.50089429e-02 -3.16045098e-02
  1.33142143e-01  1.21285304e-01 -5.37844673e-02 -1.59339443e-01
  1.83605567e-01 -1.90875635e-01 -1.13633305e-01  9.51690376e-02
 -1.12737261e-01 -2.03741610e-01 -2.81152308e-01  8.76767635e-02
  4.26722020e-01  2.33293667e-01 -1.66135862e-01 -2.66094543e-02
 -9.12777930e-02 -5.55087104e-02  3.42678502e-02  5.31023853e-02
 -3.06737516e-02 -9.59843323e-02 -4.98493090e-02  1.00429617e-02
  2.02115521e-01  4.12212349e-02 -8.83359388e-02  2.75086105e-01
  1.42050069e-03  6.37111664e-02  3.97343226e-02  3.44522893e-02
 -8.26543421e-02 -1.63027495e-02 -1.16933838e-01 -4.03218307e-02
 -8.61404017e-02 -5.60994670e-02  1.04693845e-02  9.72739682e-02
 -1.63356707e-01  1.73594728e-01 -2.34347545e-02 -4.44427729e-02
 -5.44964857e-02 -4.83503565e-03 -1.21399239e-01 -4.36314335e-03
  2.19498858e-01 -2.56678671e-01  2.72969335e-01  1.25603944e-01
  7.97163695e-02  2.12546483e-01  1.27083939e-02  7.07867146e-02
 -4.03426774e-02 -1.28810033e-01 -1.57450646e-01 -8.07305202e-02
 -1.21511230e-02  3.72793525e-04  4.93254364e-02  7.13873953e-02]
Всего ID в базе: 9
--------------------------------------------------------------------------------
Дополнен ID: Misha (ID: U0001)
Кодировка:
[-1.76576953e-02  5.27943373e-02 -6.40818626e-02 -6.34845048e-02
 -1.35463774e-01  1.78226642e-02 -4.22939658e-02 -6.37361407e-02
  1.31357968e-01 -7.34099932e-03  1.84744224e-01  3.60649079e-04
 -1.81424111e-01 -3.78360711e-02 -1.18102476e-01  3.94173712e-02
 -1.19206272e-01 -7.03970566e-02 -1.36560827e-01 -1.30044788e-01
  6.26271497e-03  7.08280504e-02 -2.12825947e-02 -1.65415667e-02
 -7.44490549e-02 -2.75455356e-01 -6.23892099e-02 -9.69585180e-02
  1.90717161e-01 -1.18674643e-01 -4.83174920e-02 -9.69049113e-04
 -2.18758687e-01 -4.80802990e-02  4.50833235e-03  1.33524779e-02
 -1.00682326e-01 -4.20388244e-02  1.65544465e-01  1.14601552e-01
 -9.86974314e-02  2.54119728e-02  2.86674835e-02  2.75117993e-01
  2.53436536e-01  3.20084877e-02 -2.41398104e-02 -1.17008105e-01
  1.25177026e-01 -2.52124220e-01  1.13985658e-01  1.70360416e-01
  1.80243805e-01  1.00272283e-01  1.06840171e-01 -1.26847938e-01
 -3.54163647e-02  9.36445892e-02 -1.45978615e-01  1.16337352e-01
  2.16672197e-02  1.10165766e-02 -7.75665864e-02 -1.37561381e-01
  1.61294386e-01  7.14427158e-02 -7.79891238e-02 -1.27661034e-01
  1.55048296e-01 -2.02080682e-01 -4.16682623e-02  8.18273872e-02
 -2.03859061e-04 -1.69392183e-01 -2.15402707e-01  9.62918922e-02
  3.49083692e-01  2.31156662e-01 -2.10665330e-01 -1.40639199e-02
 -9.69257057e-02 -9.60678309e-02  9.38153565e-02 -3.21609080e-02
 -9.95888636e-02 -3.48502919e-02 -9.27285329e-02 -6.41182158e-03
  1.97618470e-01 -9.11231264e-02  1.28599303e-02  2.29676455e-01
 -1.26021281e-02  4.13673222e-02  1.40601229e-02  6.06934130e-02
 -1.82029650e-01  1.70499738e-02 -8.66235569e-02 -7.04113394e-02
  8.70647877e-02 -1.44160300e-01  3.14851999e-02  7.01378286e-02
 -1.23824693e-01  1.77338123e-01  6.19670982e-03 -3.81055549e-02
  3.32421362e-02 -7.79351145e-02 -7.35393912e-02 -4.21671756e-02
  2.07867339e-01 -2.25728095e-01  2.52591401e-01  1.20442487e-01
  3.84029597e-02  1.44457117e-01  9.03511271e-02  6.95700273e-02
 -2.57657543e-02 -5.92527017e-02 -1.02016166e-01 -7.96816498e-02
 -3.63599807e-02 -4.66759540e-02 -5.58178201e-02  1.79503188e-02]
Всего ID в базе: 8
--------------------------------------------------------------------------------
Дополнен ID: Misha (ID: U0001)
Кодировка:
[ 0.00586847  0.07176723  0.13837206 -0.04648198 -0.13449775  0.01608917
 -0.07323506 -0.03107449  0.15337683 -0.11290577  0.28567919  0.01666962
 -0.1894422  -0.06611054 -0.04295796  0.09918585 -0.1683117  -0.15727149
 -0.06052522  0.00408368  0.00888857  0.04582984  0.01723525  0.03493385
 -0.13513127 -0.41371632 -0.08518106 -0.09031666  0.04960492 -0.10257907
 -0.09275974 -0.00534011 -0.21605119 -0.08252776  0.01462988 -0.0195653
 -0.00657348 -0.05184285  0.16241969  0.02502212 -0.23557511  0.07878493
  0.00543167  0.24166003  0.1757779   0.06273245 -0.01524248 -0.06626065
  0.14783572 -0.25314793  0.13872735  0.14150287  0.11420505  0.02864672
  0.09667913 -0.14853239 -0.06575632  0.19514638 -0.17407386  0.07820434
 -0.05147595 -0.02185623  0.07736588 -0.10511483  0.14286743  0.08728974
 -0.05735474 -0.14372025  0.12983523 -0.13477506 -0.0081826   0.09279779
 -0.10561325 -0.1668496  -0.28478843  0.06100385  0.36856538  0.15117081
 -0.20457976 -0.03859077 -0.06206809 -0.04756778  0.02371649  0.01657298
 -0.06297912  0.01198005 -0.10571712  0.02820674  0.20379551  0.00104639
 -0.01229506  0.26499113 -0.04792643  0.04261383  0.06655933  0.04541113
 -0.14843486  0.00366559 -0.17552465 -0.00444624 -0.02247366 -0.03060036
 -0.03421155  0.12668027 -0.18172115  0.06559114 -0.04575481 -0.05938228
 -0.01846367  0.02836989 -0.07295415 -0.10002579  0.14254768 -0.23652837
  0.192021    0.15556768  0.0763865   0.15611258  0.03594175 -0.03399458
 -0.04483375 -0.10212563 -0.13840428 -0.0582767   0.08769093 -0.0694962
  0.06505336  0.00220934]
Всего ID в базе: 8
--------------------------------------------------------------------------------
Дополнен ID: Misha (ID: U0001)
Кодировка:
[-0.02559794  0.02018838  0.04404651  0.00617272 -0.09625719 -0.04461697
 -0.02053844 -0.04878404  0.15700956 -0.06526343  0.21249864 -0.0405795
 -0.23006366 -0.04368982 -0.104426    0.10287861 -0.12647459 -0.06571329
 -0.08607012 -0.04201787 -0.00328154  0.01153577  0.01919553  0.06322252
 -0.0995926  -0.34952661 -0.08777167 -0.13774875  0.06290632 -0.08024807
 -0.00848539  0.05023235 -0.13835034 -0.03065234  0.00531284  0.08736308
 -0.08330803 -0.07409941  0.21873885  0.03735238 -0.14889553 -0.00379791
 -0.06732938  0.30382216  0.19160585  0.01544167  0.05590292 -0.07165147
  0.13126567 -0.30138734  0.05026367  0.18052709  0.06996733  0.04962347
  0.12097566 -0.05420436  0.00136461  0.19303416 -0.23902762  0.04268535
 -0.02054204  0.03871295 -0.01745674 -0.08624337  0.15862758  0.12619519
 -0.1023523  -0.06927965  0.18777885 -0.25570992 -0.04124156  0.05528021
 -0.07915713 -0.23763357 -0.25299913  0.05915049  0.47022286  0.24396406
 -0.12486832  0.03453949 -0.04267278 -0.0885995   0.09241258  0.01621063
 -0.09588785  0.03101178 -0.0546633   0.06850807  0.1749576  -0.03204689
 -0.01331436  0.19904117 -0.01961613 -0.00116859  0.03604742 -0.02400285
 -0.04766718  0.02362102 -0.13413927 -0.00607991  0.08172379 -0.08436856
  0.04962742  0.02460706 -0.17125656  0.13649911 -0.0070612  -0.07567014
  0.02120464 -0.01302099 -0.1558098   0.0216521   0.24569364 -0.26401332
  0.21405107  0.14468019  0.03002271  0.13590823  0.04726872  0.01456968
 -0.00966307 -0.10657153 -0.11848623 -0.09225583  0.04049779 -0.00806809
  0.05463382 -0.03156485]
Всего ID в базе: 8
--------------------------------------------------------------------------------
Покинул зону видимости: Misha (ID: U0001)
Время в зоне видимости: 11.2 сек
--------------------------------------------------------------------------------
Покинул зону видимости: Misha (ID: U0001)
Время в зоне видимости: 12.0 сек
--------------------------------------------------------------------------------
Покинул зону видимости: Misha (ID: U0001)
Время в зоне видимости: 14.8 сек
--------------------------------------------------------------------------------
Покинул зону видимости: pidoras (ID: 20e13a76-6771-4168-a441-2aa53e78314b)
Время в зоне видимости: 0.7 сек
--------------------------------------------------------------------------------
Покинул зону видимости: Misha (ID: U0001)
Время в зоне видимости: 20.2 сек
--------------------------------------------------------------------------------
Покинул зону видимости: Misha (ID: U0001)
Время в зоне видимости: 21.8 сек
--------------------------------------------------------------------------------
Покинул зону видимости: Misha (ID: U0001)
Время в зоне видимости: 22.6 сек
--------------------------------------------------------------------------------
Покинул зону видимости: Misha (ID: U0001)
Время в зоне видимости: 24.2 сек
--------------------------------------------------------------------------------
Покинул зону видимости: Misha (ID: U0001)
Время в зоне видимости: 26.9 сек
--------------------------------------------------------------------------------
Покинул зону видимости: Misha (ID: U0001)
Время в зоне видимости: 28.5 сек
--------------------------------------------------------------------------------
Покинул зону видимости: Misha (ID: U0001)
Время в зоне видимости: 29.3 сек
--------------------------------------------------------------------------------
Покинул зону видимости: Misha (ID: U0001)
Время в зоне видимости: 32.8 сек
--------------------------------------------------------------------------------
Покинул зону видимости: Misha (ID: U0001)
Время в зоне видимости: 34.5 сек
--------------------------------------------------------------------------------
Покинул зону видимости: Misha (ID: U0001)
Время в зоне видимости: 7.0 сек
--------------------------------------------------------------------------------
Покинул зону видимости: Misha (ID: U0001)
Время в зоне видимости: 8.7 сек
--------------------------------------------------------------------------------
Покинул зону видимости: Misha (ID: U0001)
Время в зоне видимости: 10.6 сек
--------------------------------------------------------------------------------
Покинул зону видимости: Misha (ID: U0001)
Время в зоне видимости: 11.7 сек
--------------------------------------------------------------------------------
Покинул зону видимости: Misha (ID: U0001)
Время в зоне видимости: 12.8 сек
--------------------------------------------------------------------------------
Покинул зону видимости: Misha (ID: U0001)
Время в зоне видимости: 15.9 сек
--------------------------------------------------------------------------------
Покинул зону видимости: Misha (ID: U0001)
Время в зоне видимости: 21.0 сек
--------------------------------------------------------------------------------
Покинул зону видимости: Misha (ID: U0001)
Время в зоне видимости: 21.5 сек
--------------------------------------------------------------------------------
Покинул зону видимости: Misha (ID: U0001)
Время в зоне видимости: 24.0 сек
--------------------------------------------------------------------------------
Покинул зону видимости: Misha (ID: U0001)
Время в зоне видимости: 24.4 сек
--------------------------------------------------------------------------------
Покинул зону видимости: Misha (ID: U0001)
Время в зоне видимости: 26.3 сек
--------------------------------------------------------------------------------
Покинул зону видимости: Misha (ID: U0001)
Время в зоне видимости: 104.1 сек
--------------------------------------------------------------------------------
Покинул зону видимости: Misha (ID: U0001)
Время в зоне видимости: 113.3 сек
--------------------------------------------------------------------------------
Покинул зону видимости: Misha (ID: U0001)
Время в зоне видимости: 158.3 сек
--------------------------------------------------------------------------------
Покинул зону видимости: Misha (ID: U0001)
Время в зоне видимости: 160.2 сек
--------------------------------------------------------------------------------
Покинул зону видимости: Misha (ID: U0001)
Время в зоне видимости: 162.0 сек
--------------------------------------------------------------------------------
Покинул зону видимости: Misha (ID: U0001)
Время в зоне видимости: 166.5 сек
--------------------------------------------------------------------------------
Покинул зону видимости: Misha (ID: U0001)
Время в зоне видимости: 167.0 сек
--------------------------------------------------------------------------------
Покинул зону видимости: Misha (ID: U0001)
Время в зоне видимости: 174.1 сек
--------------------------------------------------------------------------------
Покинул зону видимости: Misha (ID: U0001)
Время в зоне видимости: 177.9 сек
--------------------------------------------------------------------------------
Покинул зону видимости: Misha (ID: U0001)
Время в зоне видимости: 179.8 сек
--------------------------------------------------------------------------------
Покинул зону видимости: Misha (ID: U0001)
Время в зоне видимости: 258.0 сек
--------------------------------------------------------------------------------
Покинул зону видимости: Misha (ID: U0001)
Время в зоне видимости: 279.6 сек
--------------------------------------------------------------------------------
Покинул зону видимости: Misha (ID: U0001)
Время в зоне видимости: 280.8 сек
--------------------------------------------------------------------------------
Покинул зону видимости: Misha (ID: U0001)
Время в зоне видимости: 281.2 сек
--------------------------------------------------------------------------------
Покинул зону видимости: Misha (ID: U0001)
Время в зоне видимости: 281.7 сек
--------------------------------------------------------------------------------
Добавлено лицо: Unknown (ID: 9dd356e3-0ace-40ba-84ba-c08d25ed5ec8)
Кодировка:
[-8.92360136e-02  1.03051037e-01  6.89899623e-02 -5.68602905e-02
 -1.60346419e-01 -5.36079220e-02 -7.10079223e-02 -4.32659499e-02
  9.43016037e-02 -2.14240551e-02  2.36103609e-01 -1.42394323e-02
 -2.44925424e-01  1.66195966e-02 -3.92305590e-02  1.00255400e-01
 -1.49946555e-01 -5.34967631e-02 -1.12332948e-01 -1.27557635e-01
  2.90100686e-02  6.45722821e-02 -4.23578098e-02  2.17736736e-02
 -1.14206605e-01 -2.13553190e-01 -6.32214248e-02 -3.01609077e-02
  5.18114343e-02 -1.08838193e-01  6.26737922e-02  7.21329823e-02
 -2.17334703e-01 -2.37735081e-02  4.23347354e-02  4.25467975e-02
 -1.22065227e-02 -5.31232879e-02  1.49538323e-01 -3.77731882e-02
 -1.30593538e-01  1.71531066e-02  1.06840581e-01  2.39253610e-01
  2.16424629e-01  7.45493826e-03 -2.79315505e-02 -6.96501359e-02
  9.54146162e-02 -2.82907128e-01  4.07360494e-05  1.75335258e-01
  4.97489274e-02  1.13044254e-01  1.02146249e-02 -1.84276715e-01
  1.90468989e-02  1.37233213e-01 -1.48068801e-01  7.54049346e-02
  7.46540725e-02 -1.42257378e-01 -1.00777917e-01 -1.29552707e-01
  2.18282640e-01  8.21557269e-02 -1.33915722e-01 -2.09915206e-01
  1.54292464e-01 -1.74876630e-01 -7.53634870e-02  1.17167667e-01
 -1.07370406e-01 -1.31817147e-01 -2.80467629e-01  1.00228377e-01
  4.03335392e-01  1.55994236e-01 -1.73570514e-01  6.10730425e-02
 -9.69767794e-02 -3.53284646e-03 -1.64361000e-02  4.12868634e-02
 -5.18682674e-02 -5.82758561e-02 -7.10817575e-02  6.25216663e-02
  2.17289641e-01 -4.31423336e-02  2.92949434e-02  2.66679436e-01
  2.78054308e-02  4.32835929e-02 -7.68245151e-03  2.31248364e-02
 -8.06473121e-02 -3.86168063e-02 -8.93367082e-02  2.23149750e-02
  3.99270765e-02 -1.41883895e-01  4.42069471e-02  1.39837667e-01
 -1.58942297e-01  1.65435582e-01 -1.47486366e-02  1.72899477e-02
  2.25772858e-02  4.10928018e-02 -4.57874760e-02 -5.14373705e-02
  1.85035914e-01 -2.79070705e-01  2.66556978e-01  1.59349993e-01
  6.99226037e-02  1.15415886e-01  6.11106977e-02  1.57438725e-01
 -8.70420225e-03  3.50007601e-03 -1.07789911e-01 -7.25985095e-02
 -1.39122158e-02 -8.18514079e-02 -2.36767009e-02  5.05957194e-02]
Всего ID в базе: 9
--------------------------------------------------------------------------------
Покинул зону видимости: Misha (ID: U0001)
Время в зоне видимости: 282.4 сек
--------------------------------------------------------------------------------
Покинул зону видимости: Unknown (ID: 9dd356e3-0ace-40ba-84ba-c08d25ed5ec8)
Время в зоне видимости: 0.7 сек
--------------------------------------------------------------------------------
Покинул зону видимости: Misha (ID: U0001)
Время в зоне видимости: 322.4 сек
--------------------------------------------------------------------------------
Покинул зону видимости: Misha (ID: U0001)
Время в зоне видимости: 347.1 сек
--------------------------------------------------------------------------------
Покинул зону видимости: Misha (ID: U0001)
Время в зоне видимости: 348.3 сек
--------------------------------------------------------------------------------
Покинул зону видимости: Misha (ID: U0001)
Время в зоне видимости: 349.5 сек
--------------------------------------------------------------------------------
Покинул зону видимости: Misha (ID: U0001)
Время в зоне видимости: 442.7 сек
--------------------------------------------------------------------------------
Покинул зону видимости: Misha (ID: U0001)
Время в зоне видимости: 443.2 сек
--------------------------------------------------------------------------------
Покинул зону видимости: Misha (ID: U0001)
Время в зоне видимости: 443.7 сек
--------------------------------------------------------------------------------
Покинул зону видимости: Misha (ID: U0001)
Время в зоне видимости: 446.1 сек
--------------------------------------------------------------------------------
Покинул зону видимости: Misha (ID: U0001)
Время в зоне видимости: 448.7 сек
--------------------------------------------------------------------------------
Покинул зону видимости: Misha (ID: U0001)
Время в зоне видимости: 450.5 сек
--------------------------------------------------------------------------------
Покинул зону видимости: Misha (ID: U0001)
Время в зоне видимости: 451.7 сек
--------------------------------------------------------------------------------
Покинул зону видимости: Misha (ID: U0001)
Время в зоне видимости: 452.2 сек
--------------------------------------------------------------------------------
Покинул зону видимости: Misha (ID: U0001)
Время в зоне видимости: 453.9 сек
--------------------------------------------------------------------------------
Покинул зону видимости: Misha (ID: U0001)
Время в зоне видимости: 454.4 сек
--------------------------------------------------------------------------------
Покинул зону видимости: Misha (ID: U0001)
Время в зоне видимости: 454.9 сек
--------------------------------------------------------------------------------
Покинул зону видимости: Misha (ID: U0001)
Время в зоне видимости: 481.1 сек
--------------------------------------------------------------------------------
Покинул зону видимости: Misha (ID: U0001)
Время в зоне видимости: 485.6 сек
--------------------------------------------------------------------------------
Покинул зону видимости: Misha (ID: U0001)
Время в зоне видимости: 487.4 сек
--------------------------------------------------------------------------------
Покинул зону видимости: Misha (ID: U0001)
Время в зоне видимости: 562.9 сек
--------------------------------------------------------------------------------
Покинул зону видимости: Misha (ID: U0001)
Время в зоне видимости: 590.8 сек
--------------------------------------------------------------------------------
Покинул зону видимости: Misha (ID: U0001)
Время в зоне видимости: 597.5 сек
--------------------------------------------------------------------------------
Покинул зону видимости: Misha (ID: U0001)
Время в зоне видимости: 608.8 сек
--------------------------------------------------------------------------------
Покинул зону видимости: Misha (ID: U0001)
Время в зоне видимости: 611.0 сек
--------------------------------------------------------------------------------
Добавлено лицо: Unknown (ID: e156d0eb-6bce-44f9-bc35-75af2566e444)
Кодировка:
[-0.13239869  0.14576404  0.0734107  -0.03982199 -0.07800034 -0.01203679
 -0.06191384 -0.15639134  0.19273487 -0.10046292  0.17853832 -0.05684507
 -0.26201621 -0.07263699  0.0014723   0.19294153 -0.20256463 -0.18371397
 -0.09768659 -0.07650548 -0.01988932  0.02521719  0.01156205  0.02944596
 -0.18476796 -0.29129335 -0.07727982 -0.05517231  0.02254194 -0.090833
 -0.00780091  0.12917764 -0.17572412 -0.02440034  0.01392276  0.14547461
 -0.05872015 -0.07696918  0.14473312 -0.00266229 -0.24420428 -0.08765434
  0.05192585  0.28935093  0.26832029  0.01504125 -0.009885   -0.09975342
  0.17425789 -0.35670608  0.03345692  0.17188394  0.01955322  0.08518481
  0.05631851 -0.18420948  0.03170744  0.14790453 -0.19564065 -0.00777515
  0.11902633 -0.10206716 -0.0442109  -0.04089327  0.20582297  0.18381156
 -0.09519033 -0.12383079  0.26506162 -0.13533466 -0.05038856  0.05758522
 -0.10323048 -0.21510971 -0.31841052  0.01973373  0.42867875  0.12863278
 -0.09661947  0.05098015 -0.03417728  0.02798763  0.0526575   0.06802194
 -0.14159505 -0.01659938 -0.09946434  0.05087454  0.24541974 -0.03131725
  0.0217879   0.232509    0.01831632 -0.01155816  0.06730468  0.06535059
 -0.0584239   0.02851157 -0.22098598 -0.01109797  0.08163927 -0.08084375
  0.03568377  0.14132121 -0.14976774  0.19515216  0.05646115  0.0125396
  0.00903277 -0.04825189 -0.08183247 -0.0231279   0.18691441 -0.22634129
  0.17205851  0.15152347  0.03525503  0.15976201  0.09768122  0.13282475
 -0.00114061 -0.06856572 -0.15613526 -0.05833761  0.09682351 -0.02025714
 -0.02145247  0.07438667]
Всего ID в базе: 10
--------------------------------------------------------------------------------
Добавлено лицо: Unknown (ID: 4e73885e-95d6-4deb-ba9f-4231f08555f1)
Кодировка:
[-0.09756056  0.08377914  0.12168933 -0.10147505 -0.03875136  0.0342808
 -0.04497341 -0.13050859  0.18059267 -0.16512096  0.1498331  -0.00486492
 -0.23809223  0.10001849 -0.03395218  0.17628838 -0.1705769  -0.13490289
 -0.13593623 -0.07170299 -0.00283604  0.13295205 -0.00775824  0.01883915
 -0.17055143 -0.27075854 -0.08243089 -0.0740661   0.0061111  -0.0576301
 -0.00589226  0.08015155 -0.0735002   0.09341529  0.0726138   0.05399631
 -0.01377281 -0.07390264  0.2244871   0.04566149 -0.21720044 -0.05093274
  0.07892132  0.25947675  0.23859893 -0.01818746  0.00286057 -0.10618886
  0.1194104  -0.34622106  0.01258827  0.1567301  -0.00703517  0.19293587
  0.0803013  -0.18737695  0.08518489  0.06488845 -0.17888194  0.0517221
  0.06133121 -0.17120907  0.01196197  0.02379085  0.19785401  0.09451275
 -0.12621823 -0.17200068  0.15302481 -0.21260639 -0.0656807   0.06909829
 -0.13166143 -0.16282666 -0.24874279 -0.057345    0.34910402  0.20185389
 -0.20297958  0.06405492 -0.07995482 -0.04683302  0.09976373  0.1439041
  0.0123536  -0.05162927 -0.04137323  0.00094955  0.26943943 -0.05874529
  0.01796908  0.29061335  0.04600292 -0.03271773  0.0237739   0.10096365
 -0.11590028 -0.0616801  -0.10061268 -0.03260859 -0.03275149  0.01356822
  0.02445618  0.16143268 -0.23297426  0.30188945 -0.03770834 -0.04115187
 -0.00048093 -0.01916844  0.01727225 -0.04384705  0.18484877 -0.22198434
  0.12332645  0.21409856  0.00270002  0.14940514 -0.02960029  0.11188807
 -0.02244698  0.03328777 -0.14490379 -0.07929889 -0.01051059 -0.03011263
 -0.04967476  0.04057273]
Всего ID в базе: 11
--------------------------------------------------------------------------------
Итог по зоне видимости: Misha (ID: U0001)
Время в зоне видимости: 109.5 сек
--------------------------------------------------------------------------------
Итог по зоне видимости: luda (ID: U0007)
Время в зоне видимости: 16.8 сек
--------------------------------------------------------------------------------
Итог по зоне видимости: Unknown (ID: e156d0eb-6bce-44f9-bc35-75af2566e444)
Время в зоне видимости: 0.7 сек
--------------------------------------------------------------------------------
Итог по зоне видимости: Unknown (ID: 9dd356e3-0ace-40ba-84ba-c08d25ed5ec8)
Время в зоне видимости: 1.3 сек
--------------------------------------------------------------------------------
Итог по зоне видимости: Unknown (ID: 4e73885e-95d6-4deb-ba9f-4231f08555f1)
Время в зоне видимости: 0.5 сек
--------------------------------------------------------------------------------
Итог по зоне видимости: Misha (ID: U0001)
Время в зоне видимости: 64.2 сек
--------------------------------------------------------------------------------
Итог по зоне видимости: Misha (ID: U0001)
Время в зоне видимости: 151.1 сек
--------------------------------------------------------------------------------
Дополнен ID: luda (ID: U0007)
Кодировка:
[-1.10722132e-01  2.04449505e-01  6.67632893e-02 -4.94180843e-02
 -1.06608257e-01 -2.12927982e-02 -6.36472255e-02 -1.89986140e-01
  1.59137547e-01 -9.14539099e-02  2.15758130e-01  5.26902452e-02
 -1.40361503e-01  2.76627373e-02 -2.00702660e-02  9.73007530e-02
 -2.03193873e-01 -1.19736776e-01 -1.28571957e-01 -3.71416360e-02
 -4.09993269e-02  1.12982392e-02  1.10299550e-01  4.26430665e-02
 -1.07639924e-01 -2.86248863e-01 -4.77362797e-02 -7.32893497e-02
  1.41202793e-01 -7.71601871e-02 -3.07666641e-02 -4.22033332e-02
 -2.15898663e-01 -3.66237760e-03 -4.02732939e-03  5.77559620e-02
 -7.42839649e-02 -8.01299661e-02  2.09719509e-01 -2.63154134e-03
 -1.91568390e-01  3.78689356e-02  3.60196829e-03  2.21001089e-01
  2.50227362e-01 -3.82193178e-02  8.19200128e-02 -1.12454131e-01
  1.26249492e-01 -2.47634783e-01  4.04605828e-02  1.19434707e-01
  6.96997195e-02  5.89389801e-02  2.22586095e-02 -1.63768753e-01
  5.31470962e-03  1.60189599e-01 -1.86632246e-01  5.76153956e-02
  1.06729239e-01 -5.48304990e-02 -5.83147556e-02  1.56572461e-02
  2.28377968e-01  2.00375393e-01 -1.04545049e-01 -2.08236307e-01
  1.33429244e-01 -1.54721990e-01 -1.84447709e-02  1.21109121e-01
 -6.24419637e-02 -1.56818733e-01 -1.79487020e-01  1.60840806e-02
  4.12736446e-01  1.16241701e-01 -1.33140877e-01  6.85287733e-03
 -1.63032472e-01 -3.48373540e-02  3.66246095e-04  6.49257675e-02
 -8.05447996e-02 -4.76852730e-02 -1.10703856e-01  3.44406813e-02
  2.18411833e-01 -1.49680777e-02 -1.39307138e-02  2.06220567e-01
  3.74484807e-02 -3.31993550e-02 -4.87454701e-03  9.48647186e-02
 -1.72412708e-01  1.83965005e-02 -8.87247473e-02 -5.21670319e-02
 -2.67990343e-02 -2.88093276e-02 -6.85171271e-03  9.90388393e-02
 -2.01627731e-01  2.26677120e-01 -4.08860706e-02 -1.66390799e-02
  3.51713002e-02 -3.92019004e-02  2.85920240e-02 -4.20815796e-02
  1.16880968e-01 -2.91622013e-01  2.24945962e-01  1.69093907e-01
  1.63369775e-02  1.56244680e-01  4.38694097e-03  6.12570271e-02
  3.69268171e-02  5.06619364e-02 -1.19312830e-01 -7.94279873e-02
 -2.46667620e-02 -6.83200881e-02  1.32760312e-02  2.21709739e-02]
Всего ID в базе: 5
--------------------------------------------------------------------------------
Добавлено лицо: Unknown (ID: ae61359c-c86d-48e8-85d6-42f4c7165304)
Кодировка:
[-1.20292574e-01  8.78078863e-02  4.44484688e-02 -4.88313995e-02
 -8.85586292e-02 -1.07355073e-01 -1.53322294e-02 -2.09981769e-01
  2.43228078e-01 -1.20485231e-01  1.70411915e-01 -5.00979498e-02
 -2.81556010e-01  3.53659466e-02 -1.01101764e-01  1.20943986e-01
 -1.39351100e-01 -2.16931552e-01 -1.43679947e-01 -6.97880685e-02
  2.46238839e-02  2.72545386e-02  1.26297604e-02  5.39629161e-02
 -1.14167109e-01 -3.36755157e-01 -1.41866937e-01 -5.86722344e-02
  5.98550029e-02 -2.73351129e-02  5.68314679e-02  9.95712131e-02
 -1.71802834e-01 -2.03708094e-02  1.16164446e-01  1.01950489e-01
 -2.14200392e-02 -1.09073237e-01  1.86953276e-01  1.09755900e-02
 -2.46427104e-01 -7.01309964e-02  2.39251293e-02  2.71962762e-01
  1.79324418e-01 -6.67685783e-03  5.82791604e-02 -1.88229337e-01
  1.85088113e-01 -2.65064031e-01  6.79224581e-02  1.93560943e-01
  1.06432110e-01  4.92678992e-02  1.18917063e-01 -2.10034519e-01
  1.02358218e-02  1.53937802e-01 -2.34051883e-01  1.11125112e-01
  1.37637705e-01 -1.17462963e-01 -1.14814349e-01 -1.08978726e-01
  1.45392552e-01  1.55658707e-01 -1.97096348e-01 -1.85327426e-01
  2.56018937e-01 -2.32296064e-01  3.21692973e-02  1.15720212e-01
 -9.49277431e-02 -2.23934397e-01 -2.33738929e-01 -2.78026890e-02
  5.06400824e-01  1.29627958e-01 -1.40948758e-01  2.35408880e-02
 -9.01703462e-02  2.67166533e-02 -1.98148191e-02  1.37959644e-01
 -1.12921916e-01  3.01855132e-02 -1.08904444e-01  3.01191583e-04
  2.20180094e-01 -9.75230150e-03 -3.48479263e-02  2.85598546e-01
 -6.10241666e-02 -6.17643818e-04  2.70524565e-02  9.22390968e-02
 -1.67451337e-01 -6.26356304e-02 -9.36571062e-02 -4.14337777e-02
  1.10182408e-02 -8.83973837e-02 -1.17355576e-02  5.97957149e-02
 -1.02441728e-01  1.78901032e-01 -4.98105027e-02  5.36541380e-02
 -1.44993430e-02 -6.17857128e-02 -5.99856079e-02 -6.08598255e-02
  1.80262834e-01 -2.79643267e-01  1.74261495e-01  1.06828220e-01
  2.75138468e-02  1.69813886e-01  2.67636366e-02  1.02790341e-01
  3.86507623e-02 -6.59159571e-02 -1.32281870e-01 -9.93450433e-02
 -2.45478787e-02 -4.17876616e-02 -3.29543948e-02 -1.57944113e-02]
Всего ID в базе: 6
--------------------------------------------------------------------------------
Дополнен ID: luda (ID: U0007)
Кодировка:
[-1.43835962e-01  1.61006704e-01  6.87498152e-02  3.73044051e-04
 -2.14573979e-01 -1.61826424e-02 -1.27709676e-02 -1.93612948e-01
  1.70089453e-01 -7.67764226e-02  1.57465398e-01 -8.01778436e-02
 -2.40490258e-01  4.69578393e-02 -4.98205945e-02  1.30371869e-01
 -1.35610953e-01 -1.78837270e-01 -9.50161889e-02 -9.03570727e-02
  6.57205656e-02  4.85186353e-02 -6.82066530e-02  8.70150849e-02
 -1.75837725e-01 -3.08195829e-01 -4.55141440e-02 -3.65921259e-02
  4.37145866e-02 -1.26106992e-01 -1.13812154e-02  5.83085753e-02
 -1.21944726e-01 -9.19149444e-03  6.48845583e-02  8.99507329e-02
 -6.35312647e-02 -4.56790030e-02  1.47912040e-01  2.70030461e-04
 -2.57159293e-01 -3.10478508e-02  5.21277934e-02  3.04226726e-01
  1.94864199e-01  4.54224348e-02  8.64755735e-03 -1.33502081e-01
  1.63146436e-01 -3.00947189e-01  3.39426175e-02  1.63808897e-01
  5.14402576e-02  1.45098008e-02  7.53821135e-02 -2.12907284e-01
 -5.17073199e-02  1.10505372e-01 -2.06397235e-01  8.58203769e-02
  1.57600850e-01 -1.55949563e-01 -9.07538235e-02 -8.87384862e-02
  1.73656970e-01  1.70200154e-01 -1.02101848e-01 -1.73058346e-01
  1.72907501e-01 -2.25727797e-01 -8.48894119e-02  5.29501289e-02
 -4.75438796e-02 -1.84866786e-01 -2.80132860e-01 -9.26336832e-03
  5.05817890e-01  1.26738399e-01 -2.06242323e-01 -3.64364088e-02
 -3.29482742e-02  6.92390203e-02  1.26374170e-01  6.22442402e-02
 -1.07381731e-01 -4.96952571e-02 -1.54624984e-01  9.01042949e-03
  2.30760485e-01 -4.17493358e-02  7.44370278e-03  2.28403747e-01
  4.26645130e-02 -7.40716374e-03  4.60264161e-02  7.90530220e-02
 -1.86690554e-01  6.76401425e-04 -1.26838550e-01 -6.46186396e-02
  4.36156467e-02 -3.71284932e-02  5.85884564e-02  1.37490779e-01
 -1.73714399e-01  2.29927123e-01 -1.42548420e-02  6.61764387e-03
 -1.65960267e-02 -4.00867686e-02 -1.05981067e-01 -3.61492671e-02
  1.82731450e-01 -2.40080059e-01  1.45354271e-01  1.36185303e-01
  1.81159768e-02  1.54908746e-01  5.06171621e-02  5.28087802e-02
  1.88880265e-02 -6.69747684e-03 -1.31318122e-01 -6.54116049e-02
  4.14218530e-02 -9.88509580e-02 -2.23323442e-02  2.62189191e-03]
Всего ID в базе: 5
--------------------------------------------------------------------------------
Дополнен ID: luda (ID: U0007)
Кодировка:
[-0.15609023  0.08925381 -0.06444962 -0.10432713 -0.09751755 -0.05683532
  0.02422076 -0.09032021  0.14146908 -0.03869098  0.15902855  0.02548443
 -0.26312762 -0.12240922  0.02651556  0.09924141 -0.10801329 -0.11705747
 -0.16194656 -0.15540907  0.00313077  0.03505883  0.02915627 -0.00825859
 -0.14096358 -0.20118368 -0.07645774 -0.01652148  0.05377841 -0.04602798
  0.08540693  0.12370073 -0.2197284  -0.08384992  0.01835196  0.05280063
 -0.06258916 -0.04379505  0.18502134 -0.01539619 -0.11173863 -0.02558341
  0.08724508  0.2224984   0.24402897 -0.02503718 -0.00727729 -0.07436477
  0.09129811 -0.26447788  0.03111686  0.17020805  0.0794707   0.08916852
  0.04257371 -0.09865707  0.04163778  0.15555181 -0.18829015  0.03658836
  0.04987378 -0.13377327 -0.14260423 -0.11125002  0.12823832  0.11248039
 -0.0806827  -0.19211234  0.22171228 -0.14679271 -0.09092966  0.09326345
 -0.08598864 -0.16514991 -0.25393745  0.07703327  0.30454698  0.21706663
 -0.1234149   0.06282127 -0.08976576 -0.03125441 -0.00323016 -0.02096109
 -0.09161398 -0.12740947 -0.07745882  0.03779809  0.20356381 -0.01478523
 -0.05598937  0.22540519  0.06732732  0.01157333  0.01025624  0.03484187
 -0.08243008 -0.00362987 -0.11753826 -0.03125746  0.1163795  -0.15449874
  0.05128329  0.12837432 -0.09391981  0.22751851  0.00528696  0.04337651
  0.00381873 -0.01829229 -0.03411806  0.00444652  0.11874942 -0.17499949
  0.27272338  0.14398485  0.0042571   0.12720132  0.10181137  0.13290294
  0.00030944 -0.00109696 -0.12472377 -0.1236764   0.03958824 -0.01490822
  0.05144291  0.09469952]
Всего ID в базе: 5
--------------------------------------------------------------------------------
Итог по зоне видимости: Misha (ID: U0001)
Время в зоне видимости: 332.7 сек
--------------------------------------------------------------------------------
Итог по зоне видимости: luda (ID: U0007)
Время в зоне видимости: 166.9 сек
--------------------------------------------------------------------------------
Итог по зоне видимости: Unknown (ID: ae61359c-c86d-48e8-85d6-42f4c7165304)
Время в зоне видимости: 1.3 сек
--------------------------------------------------------------------------------
Face Added: Unknown (ID: fb105766-1f4d-4734-94a3-aa62157a9210)
Encoding:
[-0.12424289  0.01235278  0.06196724 -0.08272839 -0.09221105 -0.09693208
 -0.01037502 -0.01054754  0.07194126 -0.05911816  0.25933933 -0.1163004
 -0.22096933 -0.10346268 -0.01518221  0.13346013 -0.10157035 -0.02623489
 -0.06825634 -0.06184871  0.09788874  0.03184708 -0.00332416  0.06170968
 -0.07368027 -0.38142776 -0.08402093 -0.1097208  -0.04560157 -0.05415331
 -0.0165139   0.09470595 -0.13845952 -0.09034627  0.02584893  0.06852005
 -0.05306635 -0.02345028  0.14639586 -0.01088786 -0.14752798 -0.0833013
  0.05179378  0.25219837  0.14281198  0.06837449  0.00702214 -0.04216383
  0.12210479 -0.21761081  0.02277655  0.10584761  0.13716362  0.04195524
  0.13988958 -0.01776723  0.07724722  0.13260454 -0.20924877  0.01644539
  0.01658671 -0.11131477 -0.04092663 -0.11854624  0.22522365  0.09612429
 -0.09206895 -0.05940857  0.1603639  -0.08945937 -0.05933436  0.07974529
 -0.11402839 -0.18404722 -0.22803988  0.0376289   0.35176855  0.12898564
 -0.19521676 -0.01998086 -0.02571003 -0.03373286  0.17624235  0.02167061
 -0.03752639 -0.03137499 -0.08689401  0.04829402  0.15863039 -0.094053
 -0.00538241  0.1750996  -0.03158633  0.05817451  0.03693045 -0.00367761
 -0.06754337  0.07654136 -0.09191805  0.04113845  0.14603886 -0.10678739
  0.00658588  0.02879191 -0.12711063  0.06802016 -0.00893642 -0.00193031
  0.00706028 -0.05902849 -0.11966468 -0.0127748   0.11726294 -0.20387718
  0.20247516  0.11717156 -0.05222699  0.11789576  0.0210912   0.03419219
 -0.03031398 -0.12876263 -0.1693649  -0.05549637  0.15714177  0.0050191
  0.05624906 -0.05618847]
Total IDs in database: 6
--------------------------------------------------------------------------------
ID Supplemented: Misha (ID: U0001)
Encoding:
[-0.07628413  0.11569379  0.11686961 -0.05270754 -0.08348606  0.02357791
 -0.02168066  0.00512307  0.2163934  -0.07538344  0.18026315  0.01641484
 -0.25098172 -0.02081982  0.02018752  0.14689848 -0.12651275 -0.15234539
 -0.05891599 -0.10602889  0.02596569  0.06370843 -0.01849611  0.02741427
 -0.22734419 -0.37657329 -0.11692218 -0.03884972  0.04770862 -0.07004311
 -0.04350343  0.02684533 -0.13244832 -0.02087167  0.05055951  0.11286802
 -0.03706547 -0.04856791  0.1740244   0.12090855 -0.15878595  0.0855797
  0.01551277  0.3556335   0.15923367  0.04968289  0.08281934 -0.08012769
  0.15601282 -0.25237933  0.14201684  0.16764702  0.11454239  0.03098789
  0.16872786 -0.10566048 -0.01458251  0.21918446 -0.26289603  0.12802029
  0.05334611 -0.00202587 -0.04295618 -0.09297604  0.17733575  0.13197124
 -0.11812733 -0.16882871  0.20236684 -0.14279938 -0.08510053  0.06380627
 -0.13652901 -0.15537015 -0.38275152  0.09299638  0.44377849  0.18584396
 -0.16397472  0.04118755 -0.02096028  0.00452426  0.07023388  0.05730206
 -0.16746867  0.00066584 -0.08984547  0.06300107  0.2071456   0.07194421
 -0.07861086  0.19491963  0.05652445  0.05197676  0.01642675  0.01772551
 -0.12997784 -0.08661836 -0.18314987 -0.08421283  0.01340965 -0.05678903
  0.00104285  0.16200212 -0.23450169  0.17387684  0.00777287 -0.06536946
 -0.05198913  0.11106385 -0.16188614 -0.00112904  0.15533617 -0.32049891
  0.11988534  0.20204946  0.06461686  0.07737418  0.08219118 -0.02056651
 -0.00644518 -0.02879299 -0.13897854 -0.07585     0.03456201 -0.05449024
  0.08307937  0.07516769]
Total IDs in database: 6
--------------------------------------------------------------------------------
ID Supplemented: Misha (ID: U0001)
Encoding:
[-0.0662449   0.13022269  0.05130595 -0.00504522 -0.08858404  0.01706786
 -0.07099529 -0.07065208  0.1771201  -0.12013663  0.18353677  0.0393073
 -0.23556137 -0.01437473  0.01045147  0.15307863 -0.090766   -0.07501735
 -0.19678962 -0.12697217 -0.06133508  0.04422498 -0.02541913 -0.00101906
 -0.13606839 -0.28617305 -0.13687116 -0.09688096  0.05234948 -0.06469159
 -0.01704591  0.01245755 -0.10341182 -0.05720089  0.02770543  0.02634965
 -0.04301364 -0.07081699  0.1822338  -0.02106955 -0.15826371  0.01551113
  0.05933357  0.23181425  0.21104394  0.05143506  0.04575    -0.09257615
  0.1368525  -0.21450698  0.04626442  0.11244911  0.09559885  0.08790746
  0.11405367 -0.13094944  0.03113923  0.17573056 -0.17871059  0.01618501
  0.04964097 -0.09415565 -0.12185635 -0.02060079  0.2340361   0.1576377
 -0.12255892 -0.12300384  0.20528151 -0.16550642 -0.00494026  0.05529415
 -0.10829183 -0.15904042 -0.27477351  0.0915609   0.44795108  0.18369025
 -0.16488925  0.02567983 -0.02494574 -0.01200095  0.0927825   0.07650307
 -0.13860305 -0.11045278 -0.03141455  0.05696803  0.20712247 -0.00657051
  0.01862087  0.17940395  0.02674435  0.01122333 -0.00490053  0.03890491
 -0.1138569  -0.0629157  -0.08123428 -0.00839843  0.15234703 -0.03479254
  0.03931209  0.10294738 -0.12938227  0.15407534 -0.00716475 -0.00765533
  0.06854528  0.01390545 -0.06700096 -0.0314024   0.21434695 -0.19736625
  0.16647334  0.11637891 -0.07426831  0.10383015  0.09349667  0.13234749
 -0.02260221 -0.02704384 -0.1972671  -0.09071088  0.08391334 -0.07403114
  0.06772431 -0.00407343]
Total IDs in database: 6
--------------------------------------------------------------------------------
Visibility zone summary: Misha (ID: U0001)
Time in visibility zone: 186.4 sec
--------------------------------------------------------------------------------
Visibility zone summary: Chengis (ID: fb105766-1f4d-4734-94a3-aa62157a9210)
Time in visibility zone: 12.6 sec
--------------------------------------------------------------------------------
Visibility zone summary: pidoras (ID: 20e13a76-6771-4168-a441-2aa53e78314b)
Time in visibility zone: 0.9 sec
--------------------------------------------------------------------------------
Visibility zone summary: luda (ID: U0007)
Time in visibility zone: 1.8 sec
--------------------------------------------------------------------------------
Visibility zone summary: Misha (ID: U0001)
Time in visibility zone: 200.4 sec
--------------------------------------------------------------------------------
Visibility zone summary: luda (ID: U0007)
Time in visibility zone: 0.8 sec
--------------------------------------------------------------------------------
Visibility zone summary: Chengis (ID: fb105766-1f4d-4734-94a3-aa62157a9210)
Time in visibility zone: 5.9 sec
--------------------------------------------------------------------------------
Face Added: Unknown (ID: 59999313-33ca-4da8-ad06-11a6daada0fa)
Encoding:
[-0.11799575  0.07711115  0.06774664 -0.05999904 -0.15684897 -0.03352709
  0.02261141 -0.1217903   0.11309876 -0.14474809  0.19704036 -0.05178287
 -0.24211629  0.05286529 -0.00692004  0.13375285 -0.16329515 -0.10244302
 -0.05559056 -0.13686875 -0.00771397  0.05525164 -0.0138539   0.08094534
 -0.07624547 -0.32830557 -0.14386231 -0.08951016 -0.00991424 -0.02104658
  0.06618729  0.05071544 -0.06189081  0.02903317  0.02429198  0.02735432
 -0.0313757  -0.12459057  0.17672338  0.01924336 -0.1443368  -0.02494179
  0.07818799  0.31148055  0.07740039 -0.01877632  0.0742725  -0.07002753
  0.11363842 -0.21286547  0.05239391  0.13389911  0.11108147  0.05448698
  0.07908538 -0.06313694  0.07111511  0.12637995 -0.16623695  0.06526628
  0.12300833 -0.05768936 -0.01335341 -0.08363762  0.2233413   0.1372235
 -0.10665644 -0.11823949  0.10010201 -0.18878721 -0.15363884  0.04835745
 -0.14697568 -0.1675579  -0.20876198  0.02176599  0.45886335  0.20748764
 -0.14934739 -0.02259799 -0.10506407 -0.03281938  0.12603667  0.13226004
 -0.04251551 -0.07091741 -0.10244312  0.04200567  0.24257331 -0.04642389
 -0.06510448  0.22022961  0.07265592 -0.01148324 -0.01344993  0.01084004
 -0.09461948 -0.01536592 -0.05084698 -0.03614238  0.00637529 -0.04646699
 -0.03627538  0.0658148  -0.25159037  0.23113032 -0.00131621 -0.04124633
 -0.00073572  0.01239841 -0.05944024  0.01586503  0.16041671 -0.23614781
  0.09310308  0.17312656  0.02055265  0.16488391 -0.01886617  0.06231336
 -0.03441403 -0.09734225 -0.13827018 -0.0979208   0.04826327 -0.02078182
  0.02578974  0.00435522]
Total IDs in database: 7
--------------------------------------------------------------------------------
Face Added: Unknown (ID: e4dddecd-f878-4671-a3f0-656fa29a1948)
Encoding:
[-0.07214861  0.11301341  0.14596529 -0.01632991 -0.04912749  0.08898861
 -0.02771845  0.04684399  0.19459648 -0.01673692  0.26240292  0.05400864
 -0.18886532 -0.09056544 -0.08389314  0.11638738 -0.10343064 -0.09306502
 -0.11881474 -0.04097249  0.00754734  0.09519367 -0.03788116 -0.03509209
 -0.22383779 -0.31849679 -0.07008841 -0.11019974  0.09213135 -0.12113439
 -0.07977315  0.00178417 -0.18242821 -0.0956099   0.05800752  0.0382061
 -0.10458986 -0.04906521  0.17363767  0.11683914 -0.13345648  0.13631368
  0.08170384  0.33264676  0.18226062  0.06477337 -0.01081519 -0.10237984
  0.12464912 -0.33212927  0.09888518  0.15752928  0.10223178  0.13537689
  0.17539471 -0.15435711 -0.01054627  0.10306054 -0.25708938  0.1567582
 -0.06192335 -0.02800056 -0.06328504 -0.08125816  0.11549053  0.14924936
 -0.07764085 -0.14755936  0.1966203  -0.1467123   0.04318416  0.16097631
 -0.04303364 -0.1650286  -0.25687116  0.10187642  0.40479428  0.20746082
 -0.17043714  0.00288383 -0.05389765 -0.07447094  0.00307221  0.01910895
 -0.11812292 -0.02019376 -0.00635341  0.05755529  0.17876817  0.02609465
  0.03280335  0.2590563   0.04311253 -0.01299426  0.04431525  0.01508369
 -0.14779797 -0.0745004  -0.14710942 -0.06926564  0.04133994 -0.1172931
  0.0641831   0.09676589 -0.19751723  0.1080482   0.02114032 -0.09809009
  0.04405637  0.02995371 -0.07756019 -0.00208529  0.18151705 -0.29388085
  0.24849179  0.13900325  0.03783402  0.08507924  0.09189136  0.01333385
 -0.03511114 -0.04569142 -0.0538825  -0.08383762 -0.02263876 -0.09286204
  0.02276056 -0.0077305 ]
Total IDs in database: 8
--------------------------------------------------------------------------------
ID Supplemented: Misha (ID: U0001)
Encoding:
[-1.29585057e-01  1.21946283e-01  6.78657144e-02  5.91050461e-03
 -2.18112376e-02 -1.58512648e-02 -2.76482292e-02 -6.34016916e-02
  2.06845388e-01 -7.44028538e-02  3.22099805e-01  2.25361995e-02
 -1.60618320e-01 -9.04264152e-02 -8.38373378e-02  1.27189308e-01
 -1.58692434e-01 -6.87634274e-02 -4.93132621e-02 -4.49694786e-03
  2.86368579e-02 -4.35379446e-02  3.78227010e-02  4.43351455e-02
 -2.67988592e-02 -3.83716524e-01 -1.01320371e-01 -1.00063600e-01
  1.12824872e-01 -5.74709959e-02 -6.45003989e-02  3.06043662e-02
 -1.10648707e-01 -5.74433282e-02  1.27677806e-04  8.89609531e-02
 -6.00197762e-02 -3.53305973e-02  2.15406939e-01 -1.09756570e-02
 -1.24991611e-01  3.29189301e-02  1.77974701e-02  3.19929212e-01
  2.18224823e-01  8.96859244e-02  1.68451685e-02 -1.25548765e-01
  1.06324948e-01 -1.84476182e-01  5.68201914e-02  1.45217150e-01
  1.25763223e-01  6.88338429e-02  5.13738059e-02 -1.70176059e-01
  3.44906151e-02  1.07257240e-01 -2.16897205e-01  6.39738813e-02
 -1.43153761e-02 -6.37584776e-02 -3.90053242e-02 -3.17790499e-03
  2.53790319e-01  1.70474067e-01 -1.28109649e-01 -1.47198752e-01
  1.68112457e-01 -1.61189884e-01 -2.40561506e-03  6.10539056e-02
 -1.42017290e-01 -2.19680727e-01 -2.44511098e-01  7.23752975e-02
  4.10428852e-01  1.67565405e-01 -1.71920374e-01  2.91893035e-02
 -5.63803464e-02 -5.99103346e-02  1.16198428e-01  1.34390950e-01
 -1.30707383e-01 -6.32837042e-02 -1.39925510e-01 -3.24208923e-02
  1.44335359e-01  9.68714431e-03 -6.71032816e-02  1.88692704e-01
 -1.00594442e-02  4.74995673e-02  1.11923404e-02  2.65900623e-02
 -1.10920034e-01  5.08196354e-02 -1.90675482e-01 -9.21013653e-02
  4.85142991e-02 -4.46172766e-02  1.11714937e-04  6.63156658e-02
 -1.68875217e-01  8.87275487e-02  1.30542479e-02  2.20449194e-02
  5.55061139e-02 -2.49487665e-02 -1.05124645e-01 -2.74716001e-02
  1.61712885e-01 -2.37517923e-01  2.45038345e-01  1.63812861e-01
  1.22933194e-01  1.70825467e-01  1.59161657e-01  4.99697179e-02
  3.91067341e-02 -5.27037978e-02 -1.46572530e-01  1.22728851e-02
  2.01910995e-02 -3.48164625e-02  9.56217349e-02  2.17549922e-03]
Total IDs in database: 7
--------------------------------------------------------------------------------
ID Supplemented: Misha (ID: U0001)
Encoding:
[-1.82968453e-01  1.68509364e-01  7.56764263e-02 -2.78815627e-02
 -9.92097631e-02  4.18686075e-03 -2.39067003e-02 -5.95253035e-02
  1.71821296e-01 -2.03888118e-02  2.41869599e-01 -5.61387427e-02
 -2.40819946e-01  4.12303582e-03 -1.06263444e-01  1.34648517e-01
 -2.53976494e-01 -1.03397831e-01 -4.13860194e-02 -1.01845533e-01
  5.94230630e-02  9.39714238e-02 -2.51686461e-02  3.98236439e-02
 -1.24549188e-01 -3.22553486e-01 -3.77885513e-02 -1.24334157e-01
  1.08347438e-01 -9.41513702e-02 -2.78677512e-03  4.42486703e-02
 -2.18299657e-01 -7.57200718e-02  1.77796967e-02  2.51691546e-02
 -3.87477130e-02 -1.91483125e-02  2.18852237e-01  5.15769981e-02
 -1.29175469e-01 -2.09792182e-02  4.42437381e-02  3.75001997e-01
  1.41596615e-01  8.55965093e-02 -4.22433093e-02 -4.91632000e-02
  1.29022375e-01 -3.14250886e-01 -2.17022374e-03  2.42271081e-01
  6.47725463e-02  6.60827011e-02  4.50120792e-02 -1.79920301e-01
  2.42456682e-02  9.82063711e-02 -1.84480757e-01  1.03156231e-01
  6.33241311e-02 -7.77667910e-02  4.12646234e-02 -4.77950983e-02
  2.06874073e-01  2.21155509e-02 -5.99176437e-02 -6.38423264e-02
  1.74540877e-01 -7.72860050e-02  6.58424105e-03  8.60005319e-02
 -1.15795501e-01 -2.16358215e-01 -2.34584197e-01  8.88747573e-02
  4.76967931e-01  1.45169869e-01 -9.15823206e-02  2.60290690e-02
 -7.94513822e-02 -6.29814714e-02  7.69703090e-02  2.94845235e-02
 -1.21912524e-01 -4.14592251e-02 -1.08655222e-01  9.01107118e-02
  2.02948138e-01 -3.33978422e-02  1.84283797e-02  2.25783736e-01
  1.13720074e-04 -3.61358281e-03  1.30016766e-02  3.38754430e-02
 -1.34060115e-01  8.57446529e-03 -1.21885628e-01 -1.03980424e-02
  4.64262590e-02 -9.74116400e-02  2.70256661e-02  1.42363667e-01
 -1.95818782e-01  8.01279768e-02  1.50106028e-02 -7.27323070e-02
 -6.02949001e-02  1.54636404e-03 -7.58475512e-02 -2.96870824e-02
  1.78013191e-01 -1.96650982e-01  2.32556239e-01  2.02120706e-01
  1.06050558e-02  1.64173156e-01  3.57770994e-02  2.28645876e-02
 -2.48559602e-02 -2.90942304e-02 -1.07279293e-01 -1.05700962e-01
  6.89071342e-02 -3.13462056e-02  1.36220502e-02 -1.05831232e-02]
Total IDs in database: 7
--------------------------------------------------------------------------------
Visibility zone summary: Misha (ID: U0001)
Time in visibility zone: 420.8 sec
--------------------------------------------------------------------------------
Visibility zone summary: Unknown (ID: 59999313-33ca-4da8-ad06-11a6daada0fa)
Time in visibility zone: 24.7 sec
--------------------------------------------------------------------------------
Visibility zone summary: luda (ID: U0007)
Time in visibility zone: 1.4 sec
--------------------------------------------------------------------------------
Visibility zone summary: Chengis (ID: fb105766-1f4d-4734-94a3-aa62157a9210)
Time in visibility zone: 0.7 sec
--------------------------------------------------------------------------------
Visibility zone summary: Giorgos (ID: aba7ae2b-782e-4e69-8790-23b023c68a98)
Time in visibility zone: 0.1 sec
--------------------------------------------------------------------------------
Visibility zone summary: pidoras (ID: 20e13a76-6771-4168-a441-2aa53e78314b)
Time in visibility zone: 0.1 sec
--------------------------------------------------------------------------------
Visibility zone summary: Misha (ID: U0001)
Time in visibility zone: 73.0 sec
--------------------------------------------------------------------------------
Visibility zone summary: Misha (ID: U0001)
Time in visibility zone: 1004.7 sec
--------------------------------------------------------------------------------
Visibility zone summary: luda (ID: U0007)
Time in visibility zone: 2.0 sec
--------------------------------------------------------------------------------
Face Added: Unknown (ID: e84ee6d6-addc-421c-a0db-475cb1776822)
Encoding:
[-0.09067839  0.11586311  0.06114327 -0.01192174 -0.0980202  -0.01704249
 -0.03287397 -0.17269139  0.10579219 -0.14817533  0.17173725 -0.00453721
 -0.18368661 -0.09654175  0.0036129   0.1301903  -0.08371276 -0.17470226
 -0.0726745  -0.08148233  0.0414516   0.02137701 -0.02575547  0.04738284
 -0.08581415 -0.31051087 -0.12680139 -0.07313606  0.03299794 -0.05747095
 -0.00678215  0.0486528  -0.13820586  0.02617323 -0.02186067  0.09768144
 -0.07048766 -0.11908337  0.14598998 -0.07542333 -0.17638971  0.02287173
  0.02162264  0.23566404  0.23346299 -0.04029388  0.06882151 -0.08922572
  0.11862325 -0.20477942  0.0564049   0.13677049  0.01887729  0.11203015
  0.03113788 -0.16897669  0.04407644  0.15240663 -0.21191281  0.0633596
  0.03144987 -0.16238554 -0.01689746 -0.00212197  0.18128736  0.15264341
 -0.08596517 -0.21611984  0.16032229 -0.23410079 -0.04904037  0.0623848
 -0.15779866 -0.20595081 -0.27818525  0.1241729   0.46885905  0.20039529
 -0.12762009  0.06678631 -0.03709857 -0.01587425  0.13891622  0.10612576
 -0.0274177  -0.12363899 -0.15617873  0.05258632  0.24421349 -0.01924052
 -0.08006049  0.19904511 -0.01022971 -0.00187294  0.013372    0.07438838
 -0.07817044  0.07040952 -0.07346939  0.00771337  0.0231122  -0.09926161
 -0.01135051  0.11573204 -0.1030215   0.19661398 -0.02451279  0.04232827
 -0.03612874 -0.04973651 -0.1180715   0.01094236  0.14778879 -0.22235639
  0.23776713  0.15326649  0.07798095  0.20253317  0.08714612  0.12162552
  0.03096515 -0.09808113 -0.18644759 -0.02806515  0.06722011  0.02640576
  0.05694681  0.06963266]
Total IDs in database: 8
--------------------------------------------------------------------------------
Face Added: Unknown (ID: 962292e1-e443-4650-bdd3-bf1b4d2443dd)
Encoding:
[-7.52223954e-02  3.99327390e-02  3.12483106e-02 -2.80221291e-02
 -1.50220767e-01 -8.94588009e-02  2.89958213e-02 -1.24975741e-01
  1.05186425e-01 -3.47256623e-02  1.12497739e-01 -1.05436951e-01
 -2.12767914e-01 -6.27651215e-02  1.30469585e-02  9.76320952e-02
 -8.67059305e-02 -5.28859869e-02 -9.15693939e-02 -9.00583416e-02
  6.56296089e-02  1.37109920e-01 -1.85691612e-03  2.33538225e-02
 -4.23653796e-02 -3.35544378e-01 -9.86604244e-02 -6.25072420e-02
  6.45531714e-02 -6.15376830e-02  2.04384290e-02  3.00976392e-02
 -2.04123765e-01 -5.36559150e-02 -3.04180402e-02  9.10808444e-02
 -1.51582122e-01 -1.11282796e-01  1.38018385e-01  3.81107330e-02
 -1.99315831e-01  4.27807681e-02  5.90460561e-02  2.05220968e-01
  1.68357044e-01  1.68029685e-03  3.18561457e-02 -6.35308772e-02
  8.97418782e-02 -1.79989114e-01  2.41405070e-02  1.78778395e-01
  1.28656045e-01  4.13843058e-02  9.07518789e-02 -8.55699778e-02
  4.28277068e-03  9.05247778e-02 -2.05752969e-01  8.36748257e-02
  1.19749874e-01 -2.92487573e-02  1.77565962e-04 -6.05684854e-02
  1.61235049e-01  3.19185443e-02 -9.03658867e-02 -7.60175288e-02
  1.25032544e-01 -2.34582156e-01 -7.92450383e-02  8.68295729e-02
 -9.15073305e-02 -1.72954649e-01 -3.16146940e-01  6.39881492e-02
  4.36944425e-01  1.33648425e-01 -1.17151380e-01 -2.75213905e-02
 -1.02213405e-01 -2.81586759e-02  4.42105308e-02  7.27004856e-02
 -7.69446492e-02 -1.43988561e-02 -1.45748407e-01  3.99721488e-02
  1.71186507e-01 -3.98709550e-02 -1.47028472e-02  2.59705156e-01
  5.82747534e-02  2.17976384e-02 -3.47148255e-02  3.80153321e-02
 -1.27737135e-01 -6.31641895e-02 -4.33145091e-04 -6.90961406e-02
  9.55154821e-02 -1.86427549e-01  2.94260830e-02  1.70598119e-01
 -1.76478818e-01  2.30164170e-01 -1.37597462e-02  5.94018959e-04
  2.09245235e-02  2.90013142e-02 -6.15888909e-02 -2.50445586e-02
  1.33945107e-01 -1.74076363e-01  1.38248086e-01  1.32785231e-01
 -2.33454853e-02  1.08943805e-01  5.67723811e-03  1.29767761e-01
 -1.05082579e-01 -4.36872095e-02 -1.43751964e-01 -9.44384113e-02
 -3.08764502e-02  3.59016620e-02  3.99318747e-02  8.77462178e-02]
Total IDs in database: 9
--------------------------------------------------------------------------------
Visibility zone summary: Misha (ID: U0001)
Time in visibility zone: 352.4 sec
--------------------------------------------------------------------------------
Visibility zone summary: Unknown (ID: e84ee6d6-addc-421c-a0db-475cb1776822)
Time in visibility zone: 205.9 sec
--------------------------------------------------------------------------------
Visibility zone summary: Unknown (ID: 962292e1-e443-4650-bdd3-bf1b4d2443dd)
Time in visibility zone: 6.6 sec
--------------------------------------------------------------------------------
Visibility zone summary: luda (ID: U0007)
Time in visibility zone: 16.1 sec
--------------------------------------------------------------------------------
Visibility zone summary: pidoras (ID: 20e13a76-6771-4168-a441-2aa53e78314b)
Time in visibility zone: 11.4 sec
--------------------------------------------------------------------------------
Visibility zone summary: Chengis (ID: fb105766-1f4d-4734-94a3-aa62157a9210)
Time in visibility zone: 8.1 sec
--------------------------------------------------------------------------------
ID Supplemented: Misha (ID: U0001)
Encoding:
[-6.65878728e-02  1.84957191e-01  2.40694694e-02 -4.30937856e-02
 -1.41717732e-01 -1.79893803e-02 -7.12818205e-02 -4.87490520e-02
  1.28794223e-01 -1.86245237e-02  1.98791251e-01 -3.34518775e-02
 -2.33183593e-01 -2.05898192e-02 -1.14718765e-01  1.32120728e-01
 -1.43499613e-01 -4.53241020e-02 -1.87007502e-01 -1.12243965e-01
 -2.13085040e-02  1.00358523e-01  3.16239819e-02  7.34407976e-02
 -3.34515460e-02 -3.03490996e-01 -6.78950399e-02 -6.95570260e-02
  1.07820265e-01 -1.25714391e-01 -7.57132843e-02  5.21057993e-02
 -1.68229237e-01 -1.42321110e-01  6.00774847e-02  4.41641510e-02
 -2.24599633e-02 -4.78421226e-02  2.73031205e-01  3.95339429e-02
 -8.14891532e-02  1.08756855e-01  1.58071995e-01  2.69493729e-01
  1.83435246e-01  1.65679418e-02  2.70687044e-04 -9.47386846e-02
  1.78732038e-01 -2.51473904e-01  1.11835539e-01  1.68577835e-01
  1.10069111e-01  1.13341227e-01  9.94591564e-02 -2.03028128e-01
 -4.34289202e-02  1.94517702e-01 -1.87712267e-01  1.41873404e-01
 -7.71556143e-03 -6.83782101e-02 -1.01872414e-01 -7.56956488e-02
  1.53418794e-01  1.30679518e-01 -8.31485018e-02 -2.10341930e-01
  1.53738663e-01 -1.72156215e-01 -2.85904408e-02  8.50328878e-02
 -5.41161001e-02 -9.58495215e-02 -3.04588020e-01  1.01593338e-01
  3.72414261e-01  1.67557240e-01 -1.80899411e-01  4.65725809e-02
 -8.50762799e-02 -1.60981715e-01 -1.73596181e-02  2.93729454e-02
 -1.22713976e-01 -3.84348519e-02 -5.33281080e-02  3.55268046e-02
  1.78922370e-01  3.95333990e-02 -2.12739743e-02  2.88855165e-01
  6.25571162e-02  9.19440389e-02  4.78184260e-02  4.92007248e-02
 -1.74912423e-01 -1.16083384e-01 -1.90665677e-01 -9.17279813e-03
  8.55627563e-03 -1.54031694e-01 -3.29560265e-02  4.77813035e-02
 -1.88176125e-01  7.66342431e-02 -4.37168125e-03 -4.83145677e-02
 -5.58385998e-02  1.85883213e-02 -1.34142503e-01 -1.34691549e-02
  2.37434685e-01 -2.50853777e-01  2.45048836e-01  1.37459993e-01
  7.70744979e-02  1.35247529e-01  1.66856691e-01  3.28331068e-02
  7.44547918e-02 -4.69457135e-02 -5.72307557e-02 -1.13002412e-01
  6.40174523e-02 -6.07912503e-02  1.63441133e-02  7.95768350e-02]
Total IDs in database: 7
--------------------------------------------------------------------------------
ID Supplemented: Misha (ID: U0001)
Encoding:
[-0.0489172   0.11148058  0.05742501 -0.0399432  -0.10287882  0.05318006
 -0.05384097 -0.03009295  0.19429724 -0.06070719  0.24740988  0.08487838
 -0.22542609 -0.15457343 -0.00232103  0.07658077 -0.07202579 -0.14502494
 -0.03300561 -0.09489478  0.02222642  0.088544    0.02617844 -0.00870272
 -0.14530858 -0.34806159 -0.13171367 -0.10210897  0.15778071 -0.10910391
 -0.10438448  0.02499835 -0.13565637 -0.11710607  0.05358867  0.05244215
 -0.08186239 -0.11651437  0.22127494  0.04100172 -0.09035584  0.04087853
  0.01886219  0.26423594  0.12316467  0.02317801  0.07047143 -0.07733502
  0.10654562 -0.23122627  0.13515715  0.19575974  0.07398154  0.09309767
  0.13504475 -0.16144928  0.00355165  0.11372772 -0.29045728  0.09451833
 -0.0557337  -0.04990826 -0.07674512 -0.05719241  0.13010247  0.12782405
 -0.04579469 -0.19439825  0.21972191 -0.16452172 -0.02424322  0.10524849
 -0.10170489 -0.16814983 -0.2486611   0.12373206  0.37072045  0.20913351
 -0.11205544  0.11555696 -0.03230776 -0.1090709   0.00988393  0.01628264
 -0.10225392 -0.00418753 -0.05933806  0.06155735  0.14646885  0.01821953
 -0.03770801  0.23361327  0.04572157  0.08054955  0.12493092  0.10040159
 -0.07389312 -0.04045918 -0.10327215  0.02124334  0.09810365 -0.16835806
  0.02257589  0.08135424 -0.16589105  0.11252724  0.00250108 -0.07270928
 -0.02676878 -0.03044841 -0.11591144 -0.01573453  0.16496891 -0.34096256
  0.24504018  0.16484104  0.04561495  0.19001319  0.07920893  0.02464841
  0.02738847 -0.14380395 -0.09908611 -0.1346782   0.00126577 -0.03299872
 -0.00120831  0.07940376]
Total IDs in database: 6
--------------------------------------------------------------------------------
Visibility zone summary: Misha (ID: U0001)
Time in visibility zone: 441.9 sec
--------------------------------------------------------------------------------
Visibility zone summary: luda (ID: U0007)
Time in visibility zone: 6.4 sec
--------------------------------------------------------------------------------
Visibility zone summary: Misha (ID: U0001)
Time in visibility zone: 122.7 sec
--------------------------------------------------------------------------------
Visibility zone summary: Misha (ID: U0001)
Time in visibility zone: 32.7 sec
--------------------------------------------------------------------------------
Visibility zone summary: Misha (ID: U0001)
Time in visibility zone: 173.7 sec
--------------------------------------------------------------------------------
Visibility zone summary: luda (ID: U0007)
Time in visibility zone: 4.8 sec
--------------------------------------------------------------------------------
ID Supplemented: Misha (ID: U0001)
Encoding:
[-0.06489228 -0.02512015  0.0616782  -0.04353682 -0.13755821 -0.04318768
 -0.01541869 -0.11091244  0.07537545 -0.14715853  0.11610442 -0.08362085
 -0.2130245   0.01181887 -0.08697379  0.10435024 -0.04041298 -0.11957708
 -0.11946046 -0.08368862  0.06251419  0.06589085 -0.02857316 -0.02103841
 -0.06025759 -0.29409951 -0.04963168 -0.01876719  0.05334149 -0.07432202
  0.00329381  0.06291277 -0.18041381  0.01711017 -0.0363699   0.1103708
 -0.092926   -0.13224998  0.19679749  0.03061392 -0.17126076  0.01828326
  0.07253776  0.21483746  0.14539647  0.00985122  0.05729954 -0.07284211
  0.1112764  -0.25025177  0.02662347  0.09903163  0.081931    0.09368989
  0.11495735 -0.18227291  0.07368819  0.05910103 -0.10766952  0.13698101
  0.06251593 -0.05338329 -0.00322236 -0.0636149   0.18779959 -0.00201163
 -0.07412399 -0.09863994  0.11365942 -0.21713538 -0.04955478  0.11045302
 -0.06967167 -0.13621834 -0.26415503  0.03936524  0.41640788  0.1683666
 -0.14325368 -0.01379341 -0.00703971 -0.04575334  0.13387567  0.07580021
 -0.05016163 -0.02226258 -0.1452785   0.00941648  0.25057799 -0.0190926
 -0.04730451  0.22265959  0.05683806 -0.00254269 -0.02104451  0.05483632
 -0.12993021 -0.01123992 -0.01681797 -0.02047949  0.11343268 -0.16214368
 -0.00379279  0.12611926 -0.15058972  0.1690079  -0.10035552  0.01045554
  0.01926705  0.01001172 -0.10806565  0.00088686  0.12563409 -0.1994452
  0.10137171  0.18745466  0.02967921  0.10428611  0.07040273  0.10426911
 -0.01819307  0.02920185 -0.15666056 -0.11343722 -0.04283783  0.02204184
  0.01447438  0.08697946]
Total IDs in database: 9
--------------------------------------------------------------------------------
Visibility zone summary: Misha (ID: U0001)
Time in visibility zone: 544.9 sec
--------------------------------------------------------------------------------
Visibility zone summary: luda (ID: U0007)
Time in visibility zone: 8.6 sec
--------------------------------------------------------------------------------
Visibility zone summary: PiterParker (ID: 247e0526-3b00-4eea-9e25-3bc761a4bcc9)
Time in visibility zone: 6.5 sec
--------------------------------------------------------------------------------
Visibility zone summary: Misha (ID: U0001)
Time in visibility zone: 2.4 sec
--------------------------------------------------------------------------------
Face Added: Unknown (ID: c930d11d-eef5-4e2c-a48b-de93c19e2502)
Encoding:
[-2.10561588e-01  4.75914516e-02 -1.73713593e-03 -1.03939660e-01
 -9.81125534e-02  3.49632371e-03  1.78904720e-02 -9.82123762e-02
  1.88046232e-01 -6.35420159e-02  2.36342460e-01  3.77784669e-02
 -1.75559059e-01 -1.36960000e-01 -1.33413877e-02  9.26086307e-02
 -1.98852763e-01 -1.12926550e-01 -1.84333362e-02 -1.32772177e-01
  3.96938287e-02  1.57603063e-05  1.82217602e-02  1.26619473e-01
 -1.69594839e-01 -2.96411127e-01 -5.87601513e-02 -1.91236600e-01
  1.15367666e-01 -6.42106161e-02 -1.55219780e-02  6.80738166e-02
 -1.45970404e-01 -8.95126835e-02  2.94466410e-02  7.35230148e-02
 -3.09235528e-02 -1.57724861e-02  2.11982131e-01  2.33687498e-02
 -9.95096490e-02  6.12489954e-02  7.06298351e-02  2.64189601e-01
  2.06979930e-01  4.40126471e-02  3.45301889e-02 -1.13085657e-01
  1.85830444e-01 -2.19048187e-01  4.87547740e-02  1.54583231e-01
  1.06050901e-01  5.60639426e-02  9.09157470e-02 -1.91288933e-01
  2.60931626e-03  1.40330911e-01 -2.30156630e-01  1.22763216e-01
 -2.23062597e-02 -1.22585893e-02 -1.95477530e-03 -2.59464364e-02
  1.77088439e-01  1.22339562e-01 -1.00967690e-01 -9.56386626e-02
  1.95980251e-01 -1.31400764e-01 -2.21004020e-02  1.20547459e-01
 -1.32974729e-01 -1.92609981e-01 -1.47340313e-01  8.51829201e-02
  3.92513752e-01  2.13779137e-01 -9.52386111e-02  2.29057707e-02
 -1.20222621e-01 -8.09568539e-02  3.31737325e-02  4.67934385e-02
 -1.20286413e-01 -9.78250206e-02 -6.29591243e-03  3.33446264e-02
  1.35174081e-01  9.13284272e-02  3.32089961e-02  2.83038080e-01
  4.90288734e-02  6.64480999e-02  2.25833766e-02  2.12757718e-02
 -1.60446450e-01  2.87915058e-02 -9.47480500e-02 -8.25910494e-02
 -1.39568821e-02 -9.96995717e-02  1.31843328e-01  7.73598626e-02
 -2.31006861e-01  1.31351024e-01 -2.32804473e-02  1.12334201e-02
 -2.93851737e-02  3.26252803e-02 -1.35239931e-02  4.19265665e-02
  1.20269060e-01 -2.52249360e-01  2.40966380e-01  1.84782699e-01
  9.19919461e-02  1.64743528e-01  7.60991275e-02 -1.99905653e-02
  2.41564568e-02 -7.34655932e-02 -1.08912006e-01  1.66497137e-02
  5.64452931e-02 -1.10688940e-01  5.72424941e-02  1.74918361e-02]
Total IDs in database: 10
--------------------------------------------------------------------------------
Visibility zone summary: Misha (ID: U0001)
Time in visibility zone: 32.9 sec
--------------------------------------------------------------------------------
Visibility zone summary: luda (ID: U0007)
Time in visibility zone: 4.1 sec
--------------------------------------------------------------------------------
Visibility zone summary: Mavromoustakis (ID: 5cfaf3a7-59ac-42b8-92b9-49197f5cfe47)
Time in visibility zone: 20.4 sec
--------------------------------------------------------------------------------
Visibility zone summary: Unknown (ID: c930d11d-eef5-4e2c-a48b-de93c19e2502)
Time in visibility zone: 10.0 sec
--------------------------------------------------------------------------------
Visibility zone summary: Misha (ID: U0001)
Time in visibility zone: 6.6 sec
--------------------------------------------------------------------------------
Visibility zone summary: Misha (ID: U0001)
Time in visibility zone: 13.0 sec
--------------------------------------------------------------------------------
Visibility zone summary: Misha (ID: U0001)
Time in visibility zone: 21.2 sec
--------------------------------------------------------------------------------
Visibility zone summary: Unknown (ID: c930d11d-eef5-4e2c-a48b-de93c19e2502)
Time in visibility zone: 3.4 sec
--------------------------------------------------------------------------------
Visibility zone summary: Misha (ID: U0001)
Time in visibility zone: 70.7 sec
--------------------------------------------------------------------------------
Face Added: Unknown (ID: 780945ce-1f21-4bdb-8832-b8d4347fb611)
Encoding:
[-0.12975712  0.04176167  0.07518642 -0.07303629 -0.06205175 -0.03048599
  0.00930347 -0.03426936  0.19641148 -0.06906145  0.16512027  0.03684541
 -0.18875188  0.06566228 -0.03052493  0.0800682  -0.12722446 -0.03662519
 -0.12001751 -0.14224893  0.06701572  0.07961894  0.09006281  0.04298266
 -0.19490825 -0.27122495 -0.05991855 -0.11593613  0.04333422 -0.12565121
  0.04285188 -0.03410508 -0.19357432 -0.02998867 -0.03483125  0.02680397
 -0.05151315 -0.06145397  0.20896193  0.01281488 -0.18560551  0.09805956
  0.00606465  0.24008767  0.1989978  -0.00106843  0.01384646 -0.09789834
  0.12089892 -0.21772556  0.13332148  0.0712981   0.05261369  0.02299462
  0.11273324 -0.14260134 -0.01791894  0.19431791 -0.16441934  0.06857421
  0.06077555 -0.02156877  0.01506689 -0.06109139  0.14106277  0.09822346
 -0.13121653 -0.1169962   0.0678269  -0.15130647 -0.0032315   0.07116319
 -0.09347919 -0.13449676 -0.31417775  0.10112233  0.35712823  0.10207929
 -0.14119007  0.01470811 -0.08980301  0.01139258  0.02009843  0.07180305
 -0.13346952 -0.02905608 -0.04041185  0.03467114  0.11408757  0.05491546
 -0.0696852   0.19511338 -0.00627997 -0.03110614  0.01607628  0.07761967
 -0.25671208 -0.0473974  -0.06930749 -0.018763   -0.00181795 -0.07267862
  0.00398299  0.16265841 -0.23112942  0.20862223 -0.08840496 -0.06718314
  0.00464733  0.06920174 -0.05438916 -0.02307304  0.10667143 -0.23986423
  0.14960316  0.16303614  0.01488059  0.16565579  0.05445474  0.05255022
 -0.05391587  0.16932917 -0.17637289 -0.01123046  0.04350792 -0.03433393
  0.10124511  0.04988994]
Total IDs in database: 10
--------------------------------------------------------------------------------
Face Added: Unknown (ID: d913b1d4-8bc5-4ab2-86c1-b810a20c4cb2)
Encoding:
[-1.20672032e-01  6.48605451e-02  6.37289435e-02 -3.26649360e-02
 -1.54159859e-01 -8.35958123e-03 -4.02913690e-02 -3.95988151e-02
  1.54685467e-01 -7.84657300e-02  1.58765942e-01 -3.22950222e-02
 -1.87037364e-01  1.59284510e-02 -3.31652071e-03  1.08624138e-01
 -1.80058807e-01 -6.78580701e-02 -1.21363245e-01 -1.01908050e-01
 -2.50966996e-02  4.63345200e-02  1.51492702e-02  4.45149234e-03
 -1.24225870e-01 -3.59015316e-01 -6.00674786e-02 -1.17968529e-01
  7.83721954e-02 -3.84859219e-02 -1.28509223e-01  6.10336661e-04
 -1.38126507e-01 -8.39458406e-02  6.70685470e-02  6.04864284e-02
 -8.47090706e-02 -8.02460238e-02  2.12967888e-01 -3.26863024e-03
 -1.61928758e-01  3.48506644e-02  1.20746672e-01  2.63525367e-01
  1.62496150e-01  9.11219269e-02 -3.85998711e-02 -5.78780919e-02
  1.33733377e-01 -2.71765351e-01  1.72099590e-01  1.07616141e-01
  9.97586772e-02  3.58349457e-02  1.52129948e-01 -2.04263806e-01
 -8.55573453e-03  1.35542765e-01 -1.80224627e-01  7.56136328e-02
  5.28866649e-02 -3.20304185e-02 -4.84551340e-02 -8.73415917e-02
  2.59916425e-01  1.92191750e-01 -9.68935564e-02 -4.91611138e-02
  1.05735570e-01 -1.36341929e-01  7.10039912e-03 -2.34948378e-02
 -6.95247501e-02 -1.75772518e-01 -2.46849969e-01  5.08633107e-02
  4.17364985e-01  1.92134142e-01 -1.95526421e-01 -2.34874524e-02
 -3.87565494e-02 -7.31978342e-02  1.54084340e-01  6.56490773e-02
 -1.63030088e-01 -1.29740732e-02 -4.23495471e-02  2.18866579e-02
  1.83095768e-01  1.78556889e-04 -1.23507278e-02  2.19825432e-01
  4.60914671e-02  4.56446316e-03  3.98637466e-02 -5.00576682e-02
 -1.43385381e-01 -9.16159004e-02 -1.94641560e-01 -4.79483083e-02
  6.33852556e-02 -1.17822826e-01 -1.20765539e-02  9.97693688e-02
 -2.56483853e-01  5.75258285e-02  4.37926203e-02 -9.13326517e-02
  2.22824216e-02 -1.55244432e-02 -1.18165925e-01 -4.76469174e-02
  1.63654014e-01 -2.39226803e-01  1.63280532e-01  1.57647848e-01
  6.88368753e-02  2.19534174e-01  1.00997426e-01 -1.34172495e-02
  3.69389579e-02 -3.36759351e-03 -1.31725445e-01 -3.76440175e-02
  9.89635512e-02 -2.62825582e-02  8.36936235e-02  7.35012889e-02]
Total IDs in database: 11
--------------------------------------------------------------------------------
Face Added: Unknown (ID: 67e9cfe4-c2f9-4e49-a296-0bf4c9dd5412)
Encoding:
[-0.115072    0.10566169  0.12420203 -0.08907705 -0.18532346 -0.01558998
 -0.0625021  -0.08583207  0.16371861 -0.13555641  0.12797782  0.00071976
 -0.26377895  0.04735092 -0.07662801  0.18473914 -0.23694406 -0.1425191
 -0.16914591 -0.07235709 -0.01403986  0.06029975  0.06376076 -0.01751911
 -0.11178926 -0.27919123 -0.06962839 -0.06987932  0.05792429 -0.03618458
  0.01855833  0.094313   -0.12944284 -0.01890984  0.03516871  0.06456812
 -0.06195225 -0.15288146  0.23470052 -0.02107897 -0.17711453 -0.09825386
  0.07253031  0.18069454  0.22633235  0.02001058  0.07743886 -0.07344867
  0.13950811 -0.404632    0.04803144  0.13064438 -0.00383092  0.12142125
  0.13963607 -0.22120206  0.03489694  0.18581457 -0.12377082  0.07500847
  0.07491529 -0.12052908 -0.07871613 -0.10056101  0.23755701  0.1330573
 -0.12505338 -0.1823363   0.20471168 -0.15754797 -0.05577592  0.13244089
 -0.07031849 -0.13026598 -0.21602523 -0.01125895  0.37315515  0.18065991
 -0.11250308 -0.02723844 -0.07062635 -0.03132894  0.00990514  0.08078363
 -0.06262515 -0.05939761 -0.08691899 -0.03151129  0.22856334 -0.05975212
 -0.00256888  0.28666145  0.05808896 -0.0360439  -0.00404489  0.04004132
 -0.08939164 -0.02420864 -0.10959312  0.01639791  0.10285407 -0.07754259
 -0.04310199  0.06965989 -0.09547088  0.09975898 -0.12137712 -0.00227413
 -0.02242205 -0.13638431 -0.11300359 -0.00940906  0.23189259 -0.2451148
  0.14453587  0.19656651 -0.03614763  0.15210819  0.08361943  0.12779897
  0.03064355 -0.03202239 -0.13098036 -0.12180968  0.07737073 -0.04680619
 -0.05734252  0.04306017]
Total IDs in database: 12
--------------------------------------------------------------------------------
ID Supplemented: Misha (ID: U0001)
Encoding:
[-0.07176621  0.07752251  0.10288067 -0.02314112 -0.07685298  0.01655677
 -0.05981829 -0.03178997  0.17493442 -0.13155323  0.20403072  0.06757974
 -0.19682719  0.00383974 -0.1030481   0.09507883 -0.2058408  -0.06248797
 -0.05913444 -0.09857471  0.03935092  0.07142076 -0.00706591  0.05469698
 -0.11294501 -0.29944381 -0.08095408 -0.14515312  0.10941459 -0.10372845
 -0.07306239  0.04362421 -0.03140428 -0.01962066 -0.01627782  0.00728378
 -0.03170928 -0.0499098   0.22109801  0.05712662 -0.13345426  0.08288965
  0.03836817  0.34260312  0.27267322  0.0866112   0.01203545 -0.0959748
  0.16898093 -0.23069663  0.05996917  0.19377024  0.06332236  0.07203773
  0.12053841 -0.18315445 -0.00274836  0.09511611 -0.14267331  0.10537635
  0.03792466 -0.04795495  0.05915875 -0.0297295   0.14110224  0.03606088
 -0.09232759 -0.09213794  0.15670475 -0.22147565 -0.08189435  0.03166585
 -0.1437995  -0.14151074 -0.23549068  0.02592229  0.3776767   0.26771045
 -0.09593863  0.05562678 -0.08588585 -0.08106444  0.09998985  0.06092671
 -0.14584725 -0.08730904 -0.08168571 -0.01400817  0.16996728  0.07620567
 -0.00041111  0.22129789  0.03406601 -0.02652559  0.04370982  0.01214457
 -0.20649628 -0.01883098 -0.16918825 -0.09294009 -0.00530916 -0.11734883
  0.05217672  0.12372752 -0.2466266   0.15384606 -0.04135587 -0.00781007
  0.02023188  0.04805618 -0.14746629  0.03423909  0.22673315 -0.16144596
  0.14322309  0.19025335  0.15629563  0.13174108  0.15951629  0.0398951
 -0.07439099 -0.03983753 -0.15180193 -0.06118304  0.01041114 -0.05188745
  0.10615669  0.03790577]
Total IDs in database: 12
--------------------------------------------------------------------------------
Face Added: Unknown (ID: 89e003f3-cd48-4205-945a-489d29ff517f)
Encoding:
[-5.84976561e-02  9.52811316e-02  7.10296333e-02 -7.81125203e-02
 -3.85909304e-02 -1.20015211e-01 -2.17680614e-02 -1.76882118e-01
  1.49086148e-01 -1.47635136e-02  3.13084662e-01 -4.15058210e-02
 -2.58187979e-01 -1.52001798e-01 -1.83736160e-02  4.35735956e-02
 -1.39282227e-01 -1.40757501e-01 -2.67067365e-02 -5.45582660e-02
  4.10772264e-02 -7.69609138e-02  8.37967247e-02  6.71308264e-02
 -1.57024145e-01 -3.59492242e-01 -1.47234321e-01 -8.23562145e-02
  7.83043653e-02 -6.22027963e-02 -2.69613378e-02  1.28987774e-01
 -1.85808927e-01 -1.18461557e-01  2.44583674e-02  9.16048139e-02
 -6.47196826e-03 -5.27316183e-02  2.12450370e-01  3.34505104e-02
 -1.33622408e-01  3.32403071e-02  3.54398228e-02  2.74431914e-01
  1.68209985e-01  3.25832516e-05  1.39975294e-01 -3.53372097e-02
  8.26300681e-02 -2.42449343e-01  1.53712511e-01  1.28392085e-01
  2.22266644e-01 -5.28974552e-03  1.46884292e-01 -1.55220702e-01
 -9.49853510e-02  1.74822271e-01 -2.11329520e-01  1.62080318e-01
  5.75009286e-02 -5.31352386e-02 -6.86644912e-02 -9.03313905e-02
  1.73914924e-01  1.88843250e-01 -1.21531159e-01 -1.26502201e-01
  1.95819810e-01 -1.12965308e-01 -6.23760931e-02  1.23987086e-01
 -1.17430486e-01 -1.79067180e-01 -2.61057436e-01  1.31664589e-01
  3.87096167e-01  1.62177220e-01 -1.73764288e-01  3.57480757e-02
 -8.84445682e-02 -3.32242362e-02 -1.22352513e-02  2.40557902e-02
 -9.52887163e-02  7.87486508e-02 -1.12788454e-01  4.36357930e-02
  1.54029056e-01  1.01058222e-02 -9.12706405e-02  2.52712190e-01
 -3.61407846e-02  1.05426714e-01  3.91218103e-02 -4.02596500e-03
 -7.97241628e-02 -5.10763656e-03 -1.71571642e-01 -2.13923864e-02
  3.92015800e-02 -5.93218729e-02 -1.13760494e-03  3.69471982e-02
 -1.20895274e-01  3.75773720e-02 -1.58814993e-02 -4.70324978e-02
 -6.00289553e-02 -3.31859500e-03 -8.94898549e-02 -2.93981973e-02
  1.11358859e-01 -3.68233085e-01  1.93862915e-01  1.53075486e-01
  7.41258040e-02  1.19622588e-01  7.89384171e-02 -4.50937673e-02
  1.37921602e-01 -9.90353376e-02 -3.70752364e-02 -7.22806081e-02
  7.50221163e-02 -2.58917734e-02  5.14561906e-02  2.00050212e-02]
Total IDs in database: 13
--------------------------------------------------------------------------------
Face Added: Unknown (ID: 05a298c8-b1d3-430c-8af3-bc7d72e4479a)
Encoding:
[-0.15598504  0.03314994  0.09179086 -0.07142079 -0.09367597 -0.07332484
 -0.0349351  -0.05141427  0.1267724  -0.0764117   0.20952734 -0.08832593
 -0.24351029 -0.0432918  -0.05528907  0.10214746 -0.05752458 -0.06927498
 -0.13866109 -0.15312693  0.04767425  0.09418473 -0.00130024  0.03008435
 -0.21989189 -0.33368701 -0.13487642 -0.07391681 -0.06098476 -0.06792824
  0.03180853  0.09608202 -0.18235913 -0.08412842  0.02282152  0.06294978
 -0.05353319 -0.02283365  0.15813892  0.05177455 -0.11572311  0.06307916
  0.07721413  0.28176224  0.13681725  0.03506315  0.06999473 -0.04353612
  0.15586171 -0.23834102  0.08317085  0.14002562  0.07631511  0.04478503
  0.18406393 -0.1218041   0.01460709  0.27416986 -0.17483324  0.12216239
  0.0289405  -0.02267021 -0.01828112 -0.02685035  0.11282571  0.09598844
 -0.07751574 -0.14688151  0.11298694 -0.11723489  0.02633962  0.14462504
 -0.13621509 -0.22064386 -0.26806071  0.16055492  0.43922409  0.14736299
 -0.13217528  0.02516624 -0.03780729 -0.02960666  0.10670343 -0.05556339
 -0.11438671 -0.03649414 -0.11834756  0.0544679   0.21337965  0.03715555
 -0.04031169  0.23830977  0.02361954 -0.00562784  0.03752207 -0.01952888
 -0.19950138 -0.03375257 -0.10106097 -0.01594597  0.04334176 -0.0939236
 -0.03061771  0.0308414  -0.13100384  0.14023557 -0.04638052 -0.04363413
 -0.14843568  0.00678777 -0.14531901  0.03633951  0.13774298 -0.22927371
  0.12296651  0.11361134  0.01916806  0.16629681  0.12068311 -0.01208953
 -0.00497125  0.01967349 -0.07007275 -0.07405376  0.12614541 -0.00525847
  0.09586046 -0.0122434 ]
Total IDs in database: 14
--------------------------------------------------------------------------------
Face Added: Unknown (ID: 4f173592-d0fe-4f30-973e-29a5c962f787)
Encoding:
[-0.1415098   0.03266918  0.07782695 -0.064567   -0.07362071 -0.05891664
  0.01405037  0.02723251  0.17136165 -0.05696643  0.17063159  0.01547777
 -0.17666095 -0.05938581 -0.03554879  0.08949467 -0.09305604 -0.14019337
 -0.02868764 -0.08139347  0.00190506  0.02604342 -0.00085597  0.0866412
 -0.16054428 -0.28507358 -0.01468011 -0.13548845  0.05211538 -0.15834211
  0.01078139  0.11554863 -0.14709635 -0.04685593  0.00152123  0.14836323
  0.05842657  0.01093612  0.20826656  0.05963172 -0.16266218  0.01275258
  0.04401815  0.35217136  0.13364285  0.03571931  0.04300012 -0.03364849
  0.14917821 -0.196835    0.10188571  0.10164307  0.09741604 -0.01069672
  0.12745318 -0.12680316  0.04011459  0.07360388 -0.21525252  0.11509856
  0.07593644  0.01541379 -0.02876925 -0.02861955  0.12751165  0.04734442
 -0.01720542 -0.08998755  0.21734102 -0.18457839 -0.02304825  0.11538948
 -0.04948169 -0.10905885 -0.14166024  0.04105806  0.33037272  0.19321851
 -0.14180078  0.07192317 -0.04839469 -0.07841785  0.0728584  -0.00176057
 -0.09418681  0.04743605 -0.10321898  0.03601391  0.18816273  0.10997754
  0.05265384  0.15772778  0.07921039 -0.07158097  0.07375459 -0.0264548
 -0.13929327  0.02612079 -0.16474786 -0.07831247  0.03156861 -0.12513416
  0.0269275   0.05637521 -0.24719901  0.13174503 -0.01408911 -0.05708034
 -0.02074644  0.13180737 -0.06836452 -0.03075354  0.1444605  -0.18560693
  0.12730832  0.13564095  0.02915375  0.0986311   0.04547686  0.07701739
  0.00971743 -0.04336525 -0.08348987 -0.09225496  0.00209604 -0.06449001
  0.08472593  0.05514964]
Total IDs in database: 15
--------------------------------------------------------------------------------
Visibility zone summary: Misha (ID: U0001)
Time in visibility zone: 1358.0 sec
--------------------------------------------------------------------------------
Visibility zone summary: luda (ID: U0007)
Time in visibility zone: 14.5 sec
--------------------------------------------------------------------------------
Visibility zone summary: Unknown_3 (ID: 780945ce-1f21-4bdb-8832-b8d4347fb611)
Time in visibility zone: 226.5 sec
--------------------------------------------------------------------------------
Visibility zone summary: Unknown_1 (ID: 89e003f3-cd48-4205-945a-489d29ff517f)
Time in visibility zone: 256.3 sec
--------------------------------------------------------------------------------
Visibility zone summary: Unknown_2 (ID: 05a298c8-b1d3-430c-8af3-bc7d72e4479a)
Time in visibility zone: 667.3 sec
--------------------------------------------------------------------------------
Visibility zone summary: Andri (ID: 4f173592-d0fe-4f30-973e-29a5c962f787)
Time in visibility zone: 101.6 sec
--------------------------------------------------------------------------------
